User_Id,Place_Ratings,Place_Id
1,3,5
1,2,2
1,5,3
1,3,5
1,4,4
1,2,9
1,5,6
1,4,7
1,2,1
1,5,6
1,3,5
1,5,1
1,3,3
1,5,4
1,5,3
1,4,9
1,4,5
1,3,4
1,3,8
1,2,6
1,3,5
1,3,2
1,4,10
1,5,8
1,2,9
1,2,7
1,4,9
1,2,3
1,2,10
1,2,6
2,2,8
2,5,10
2,4,4
2,3,9
2,4,3
2,3,7
2,5,3
2,2,6
2,2,5
2,2,2
2,3,2
2,2,6
2,5,7
2,2,8
2,3,6
2,5,3
2,5,8
2,4,4
2,3,1
2,2,1
2,2,6
2,5,3
2,4,3
2,2,2
2,2,6
2,2,4
2,5,7
2,3,4
2,3,10
3,5,5
3,5,10
3,5,6
3,3,9
3,3,5
3,5,9
3,2,5
3,3,6
3,3,6
3,2,7
3,2,5
3,2,3
3,3,2
3,4,6
3,2,9
3,4,5
3,5,5
3,3,6
3,4,10
3,2,6
3,2,10
3,2,3
3,3,4
3,4,4
3,5,9
3,3,8
3,3,9
3,3,3
3,4,3
3,5,7
4,2,2
4,2,4
4,4,9
4,4,3
4,3,10
4,5,2
4,3,10
4,3,1
4,4,3
4,3,2
4,5,9
4,4,3
4,3,8
4,5,7
4,3,2
4,2,5
4,5,7
4,3,4
4,2,3
4,2,3
4,3,5
4,5,6
4,5,1
4,5,3
4,2,1
4,2,7
5,4,4
5,2,8
5,5,10
5,2,6
5,4,3
5,3,10
5,5,10
5,5,4
5,4,10
5,5,7
5,3,3
5,5,10
5,3,3
5,3,7
5,3,8
5,2,3
5,5,7
5,2,3
5,3,8
5,2,3
5,4,1
5,2,3
5,4,2
5,2,6
5,4,3
5,4,7
5,3,7
5,3,1
5,4,5
5,2,1
5,3,3
5,3,8
5,3,7
6,4,8
6,2,2
6,2,2
6,2,3
6,3,2
6,3,3
6,2,9
6,5,2
6,4,1
6,5,8
6,2,3
6,5,9
6,5,6
6,5,5
6,2,2
6,4,2
6,4,9
6,5,9
6,5,5
6,5,7
6,2,6
6,2,4
6,4,7
6,3,4
6,2,7
6,5,4
6,4,7
6,2,5
7,5,4
7,3,10
7,3,1
7,3,3
7,5,10
7,5,8
7,4,2
7,5,5
7,4,3
7,4,4
7,3,5
7,3,9
7,5,8
7,4,3
7,4,2
7,3,2
7,2,3
7,5,10
7,4,2
7,4,8
7,3,9
7,4,1
7,4,6
7,5,10
7,5,2
7,2,9
7,3,1
8,5,10
8,3,4
8,2,7
8,5,3
8,4,10
8,5,7
8,4,1
8,2,8
8,3,1
8,2,1
8,5,3
8,5,4
8,3,10
8,4,9
8,5,2
8,3,5
8,5,8
8,2,2
8,3,5
8,5,7
8,2,5
8,5,5
8,4,4
8,3,8
8,2,5
8,3,9
8,3,7
8,4,10
9,3,3
9,4,8
9,4,9
9,4,5
9,3,8
9,5,5
9,3,10
9,2,3
9,4,10
9,4,2
9,4,3
9,3,6
9,3,5
9,5,7
9,3,7
9,3,10
9,3,9
9,4,8
9,4,9
9,4,10
9,4,5
9,3,8
9,5,9
9,4,8
9,5,9
9,4,10
9,5,10
9,2,7
9,5,3
9,2,2
9,5,10
9,2,7
9,5,2
10,3,5
10,4,10
10,5,8
10,2,5
10,5,4
10,4,5
10,4,5
10,5,1
10,3,6
10,5,8
10,3,7
10,5,6
10,5,5
10,4,1
10,5,3
10,5,8
10,3,5
10,3,2
10,3,3
10,3,5
10,4,10
10,3,3
10,3,7
10,2,8
10,2,6
10,2,3
10,5,7
10,4,5
11,2,9
11,2,1
11,3,5
11,3,8
11,3,8
11,5,3
11,5,9
11,2,4
11,4,5
11,2,9
11,4,7
11,3,3
11,4,6
11,2,7
11,4,8
11,4,7
11,4,4
11,3,10
11,2,2
11,5,6
11,2,1
11,5,4
11,2,1
11,3,3
11,3,7
11,2,6
11,5,4
11,2,8
12,3,5
12,3,3
12,2,7
12,3,8
12,5,4
12,5,2
12,5,4
12,4,2
12,4,1
12,5,2
12,5,3
12,4,7
12,5,10
12,4,9
12,2,10
12,5,3
12,4,6
12,4,9
12,5,4
12,2,2
12,5,2
12,5,1
12,5,4
12,3,7
12,5,8
12,5,4
12,3,3
12,3,7
12,5,10
12,2,3
12,5,2
12,4,3
12,3,2
12,2,4
13,2,1
13,2,5
13,2,6
13,5,2
13,4,1
13,5,8
13,2,5
13,5,9
13,2,9
13,5,1
13,4,7
13,4,7
13,5,3
13,2,1
13,2,6
13,3,4
13,2,3
13,5,4
13,2,4
13,2,10
13,4,10
13,3,10
13,2,10
13,5,2
13,4,2
14,5,3
14,3,7
14,4,6
14,2,7
14,4,5
14,2,7
14,4,3
14,5,9
14,5,10
14,3,2
14,2,9
14,3,8
14,2,6
14,5,5
14,2,1
14,3,3
14,5,9
14,2,1
14,2,8
14,4,10
14,3,6
14,2,8
14,5,2
14,5,5
14,4,10
14,2,5
14,3,1
14,4,8
14,4,8
14,5,6
14,5,10
14,4,5
14,3,5
15,3,7
15,3,9
15,5,2
15,5,4
15,3,4
15,2,2
15,5,7
15,5,8
15,3,2
15,5,3
15,4,2
15,4,8
15,3,1
15,4,1
15,2,5
15,3,7
15,5,8
15,4,2
15,2,6
15,2,6
15,2,8
15,5,6
15,4,3
15,5,10
15,3,8
15,3,2
15,2,7
15,4,3
15,3,10
15,2,10
15,2,6
15,4,1
15,2,5
15,3,10
15,3,8
15,3,10
16,2,1
16,2,10
16,2,4
16,3,2
16,4,5
16,2,4
16,3,5
16,2,2
16,3,6
16,4,10
16,4,8
16,5,9
16,4,5
16,2,3
16,5,8
16,4,4
16,4,3
16,2,2
16,5,4
16,4,3
16,3,4
16,4,6
16,4,8
16,5,9
16,2,2
16,3,6
16,4,8
16,3,8
16,5,5
17,4,5
17,2,1
17,5,7
17,5,5
17,5,3
17,4,6
17,2,10
17,5,7
17,4,7
17,2,7
17,4,5
17,3,6
17,4,7
17,2,5
17,3,8
17,5,3
17,3,5
17,4,9
17,5,6
17,3,2
17,4,10
17,4,9
17,5,9
17,5,5
17,4,5
17,4,8
17,3,9
17,2,9
17,4,8
17,3,5
17,3,2
17,4,1
17,2,5
17,2,3
17,2,7
17,4,2
17,3,7
17,3,6
17,4,2
17,4,9
17,3,10
17,2,8
17,3,3
17,4,4
17,2,4
17,3,5
18,3,8
18,2,10
18,5,7
18,4,3
18,3,10
18,4,7
18,5,2
18,4,7
18,5,2
18,2,8
18,5,3
18,4,5
18,5,3
18,3,7
18,3,5
18,4,1
18,2,10
18,4,10
18,5,8
18,4,3
18,3,4
18,2,10
18,3,4
18,5,5
18,2,5
18,4,9
18,4,6
18,3,10
18,5,6
18,2,8
18,4,4
18,3,8
18,5,1
18,2,4
19,5,9
19,2,5
19,3,3
19,3,4
19,3,9
19,2,8
19,3,2
19,4,7
19,2,10
19,4,9
19,2,1
19,2,9
19,4,7
19,5,9
19,3,6
19,3,10
19,2,4
19,2,4
19,3,1
19,3,1
19,5,1
19,4,8
19,3,3
19,5,6
19,3,6
19,4,2
19,5,1
19,4,6
19,5,10
19,3,9
19,5,1
19,5,4
19,4,5
19,5,6
19,3,3
19,4,1
19,4,5
19,3,8
19,4,1
19,5,8
19,5,1
19,3,5
19,4,3
19,2,1
20,3,2
20,2,1
20,2,1
20,3,1
20,5,3
20,5,4
20,3,3
20,3,10
20,3,4
20,2,7
20,3,1
20,2,7
20,4,6
20,4,8
20,4,4
20,2,1
20,3,8
20,5,10
20,4,8
20,3,10
20,2,3
20,5,1
20,3,5
20,2,5
20,4,9
20,5,1
20,4,4
20,2,8
20,2,7
20,3,2
20,3,2
20,3,6
20,2,8
20,2,10
21,5,7
21,4,2
21,3,3
21,2,5
21,5,4
21,4,9
21,3,5
21,4,9
21,2,9
21,4,6
21,2,3
21,4,10
21,3,1
21,4,9
21,5,10
21,3,8
21,3,3
21,2,3
21,2,10
21,2,7
21,5,1
21,2,7
22,4,10
22,2,4
22,4,9
22,5,1
22,5,4
22,3,8
22,2,1
22,4,10
22,2,4
22,5,4
22,3,8
22,5,6
22,3,9
22,2,6
22,2,5
22,3,9
22,3,4
22,2,9
22,4,8
22,5,4
22,2,10
22,2,9
22,3,4
22,3,3
22,4,9
22,3,9
22,2,9
22,5,8
22,4,1
23,4,9
23,2,9
23,4,3
23,5,7
23,3,3
23,5,8
23,4,6
23,2,4
23,4,8
23,3,9
23,4,4
23,2,1
23,5,10
23,2,10
23,2,10
23,4,6
23,5,9
23,3,7
23,4,6
23,3,7
23,4,10
23,3,8
23,5,8
23,4,6
23,3,7
23,4,10
23,4,1
23,4,10
23,4,6
23,3,10
23,4,4
23,2,1
24,3,10
24,2,4
24,4,5
24,5,7
24,3,3
24,2,3
24,2,3
24,4,10
24,2,3
24,3,7
24,2,4
24,3,6
24,2,3
24,2,9
24,4,9
24,3,5
24,4,9
24,4,9
24,5,2
24,2,2
24,5,3
24,2,1
24,5,7
24,5,4
25,2,6
25,4,9
25,3,8
25,3,7
25,4,9
25,3,8
25,5,3
25,4,1
25,3,3
25,5,9
25,4,7
25,5,3
25,3,10
25,4,1
25,3,2
25,3,2
25,4,5
25,5,5
25,2,1
25,3,7
25,3,8
25,3,7
25,5,5
25,2,2
25,4,2
25,3,1
25,3,10
25,3,7
25,2,10
25,4,5
25,4,7
25,5,3
25,4,6
26,2,9
26,5,1
26,4,9
26,3,4
26,3,7
26,5,7
26,3,10
26,5,2
26,2,10
26,5,7
26,5,9
26,3,7
26,3,5
26,3,5
26,5,3
26,3,7
26,5,2
26,3,8
26,3,7
26,2,4
26,5,4
26,5,8
26,2,8
26,3,2
26,3,3
26,5,5
26,4,2
26,5,8
26,3,9
26,5,5
26,4,6
26,5,9
26,4,4
26,5,8
26,4,2
27,4,9
27,3,5
27,3,9
27,5,7
27,5,3
27,3,9
27,3,3
27,4,6
27,2,8
27,4,9
27,4,2
27,3,8
27,3,4
27,5,8
27,5,2
27,2,2
27,2,5
27,5,8
27,3,9
27,2,1
27,3,10
27,2,8
27,2,1
27,5,8
27,4,1
27,3,10
27,5,4
27,2,3
27,2,1
27,5,2
27,4,6
27,3,3
27,2,7
27,4,10
27,3,1
27,3,10
27,4,3
27,3,4
27,3,9
28,5,4
28,2,8
28,4,10
28,5,2
28,5,8
28,3,8
28,4,1
28,4,5
28,4,8
28,4,5
28,2,1
28,4,2
28,5,1
28,5,2
28,3,10
28,2,9
28,4,1
28,2,5
28,2,6
28,4,5
28,5,9
28,3,2
28,5,1
28,5,1
28,5,2
28,4,9
28,4,8
28,4,9
28,5,2
28,3,10
28,5,7
28,3,5
28,5,1
28,3,4
28,4,2
28,2,10
28,4,3
28,2,9
28,4,1
28,5,8
28,5,9
29,5,6
29,3,9
29,2,7
29,3,8
29,5,9
29,4,2
29,5,8
29,5,9
29,5,4
29,3,9
29,4,1
29,2,6
29,5,8
29,3,10
29,2,1
29,3,2
29,5,8
29,3,5
29,2,8
29,4,7
29,2,3
29,3,1
29,4,6
29,3,6
29,3,7
29,2,8
29,3,5
29,4,3
29,5,9
29,3,8
29,3,2
29,3,3
29,2,9
29,4,6
30,2,6
30,3,4
30,3,4
30,2,1
30,4,7
30,2,1
30,5,2
30,2,8
30,4,9
30,2,1
30,3,2
30,5,1
30,4,10
30,3,8
30,3,3
30,2,10
30,2,2
30,2,5
30,4,4
30,4,7
30,2,8
30,2,5
30,4,9
30,3,9
30,5,6
30,5,1
30,2,1
30,5,4
30,2,7
30,3,5
30,5,2
30,5,9
30,2,2
30,5,3
30,4,3
31,5,8
31,4,6
31,4,7
31,5,9
31,2,10
31,2,8
31,5,10
31,3,8
31,5,4
31,2,4
31,2,7
31,3,4
31,3,8
31,3,8
31,5,9
31,3,6
31,4,8
31,2,10
31,2,1
31,2,2
31,5,1
31,5,5
31,2,7
31,2,7
31,2,8
31,3,4
31,4,4
31,2,3
31,3,3
31,2,4
31,5,5
31,3,1
31,4,8
31,3,3
31,2,10
31,2,3
31,5,8
31,3,2
31,4,6
31,2,10
31,4,3
32,4,7
32,3,5
32,3,7
32,3,6
32,2,10
32,3,2
32,5,7
32,2,5
32,3,7
32,3,9
32,5,6
32,4,4
32,3,10
32,4,6
32,2,8
32,5,4
32,3,5
32,2,10
32,5,1
32,3,7
32,4,3
32,2,6
32,5,9
32,3,4
32,3,8
32,4,7
32,4,7
32,5,10
32,3,5
32,2,7
32,3,7
32,2,1
32,3,10
32,4,9
33,2,9
33,4,3
33,5,8
33,3,9
33,2,1
33,4,4
33,4,3
33,3,8
33,5,9
33,4,2
33,2,9
33,2,4
33,3,7
33,5,6
33,3,8
33,2,8
33,3,2
33,5,4
33,2,3
33,2,2
33,3,5
33,2,1
33,4,5
33,5,4
33,2,3
33,5,8
33,4,4
33,2,3
33,3,9
33,5,4
33,3,7
33,2,6
33,4,5
33,3,5
33,2,3
33,5,4
33,4,1
33,3,4
33,2,4
34,5,1
34,3,3
34,3,10
34,4,6
34,3,5
34,4,9
34,3,5
34,2,10
34,3,2
34,3,6
34,4,4
34,4,1
34,3,3
34,4,6
34,3,8
34,4,2
34,2,8
34,3,1
34,3,1
34,3,6
34,4,3
34,5,2
34,4,4
34,4,5
34,5,3
35,5,4
35,3,3
35,4,7
35,3,9
35,2,10
35,2,3
35,2,6
35,3,5
35,3,6
35,2,4
35,2,2
35,5,10
35,4,3
35,4,8
35,5,8
35,2,5
35,2,1
35,2,7
35,4,4
35,3,3
35,2,2
35,5,6
35,4,7
35,3,2
35,4,6
35,2,9
35,4,3
35,2,5
35,2,8
35,4,10
35,5,5
36,4,8
36,4,2
36,3,6
36,4,7
36,5,9
36,3,8
36,2,3
36,5,9
36,2,6
36,2,10
36,2,9
36,2,3
36,5,4
36,2,1
36,3,5
36,5,5
36,4,10
36,3,9
36,4,6
36,3,1
36,5,9
36,4,9
36,4,3
36,3,10
36,2,7
36,4,3
36,3,6
36,3,2
36,3,4
36,3,7
36,5,6
36,3,7
36,2,9
37,2,1
37,2,8
37,2,10
37,2,8
37,5,10
37,4,5
37,4,2
37,2,8
37,5,10
37,4,7
37,2,3
37,5,3
37,2,7
37,5,1
37,3,7
37,3,4
37,3,2
37,3,1
37,4,1
37,5,2
37,3,10
37,5,6
37,3,3
37,2,8
37,3,1
37,5,7
37,4,7
37,4,3
37,5,1
37,3,3
37,3,1
38,2,6
38,2,1
38,2,1
38,2,4
38,3,6
38,3,8
38,2,2
38,4,8
38,4,9
38,3,2
38,2,4
38,5,1
38,2,6
38,5,3
38,5,7
38,2,2
38,5,1
38,4,7
38,5,6
38,2,6
38,5,6
38,5,1
38,4,1
38,4,8
38,2,3
38,3,1
38,5,2
38,4,8
38,5,2
38,5,2
38,4,9
38,5,7
38,3,6
38,3,8
38,4,1
38,3,7
38,5,10
38,3,2
38,3,6
38,5,5
39,3,3
39,4,2
39,4,9
39,4,4
39,5,10
39,4,8
39,4,5
39,3,7
39,5,8
39,4,3
39,4,4
39,3,2
39,2,6
39,5,8
39,5,5
39,3,2
39,4,6
39,3,7
39,2,3
39,4,8
39,4,1
39,3,7
39,4,1
39,4,7
39,4,1
39,3,1
40,5,10
40,3,2
40,2,9
40,5,4
40,5,3
40,5,1
40,5,6
40,3,10
40,3,5
40,3,7
40,5,1
40,2,6
40,3,8
40,4,9
40,3,7
40,5,9
40,2,8
40,4,4
40,2,7
40,3,10
40,5,5
40,2,8
40,2,4
40,4,8
40,3,4
40,2,4
40,3,10
40,2,4
40,4,9
40,4,6
40,2,1
40,2,2
40,4,6
40,5,10
40,3,8
40,3,3
40,4,4
40,4,3
40,5,4
40,4,2
40,3,5
40,2,4
40,2,6
40,4,10
40,4,6
40,3,10
40,4,4
41,5,6
41,4,9
41,4,7
41,4,5
41,3,4
41,2,6
41,4,10
41,5,9
41,2,4
41,4,6
41,4,7
41,2,3
41,2,9
41,4,9
41,2,8
41,2,6
41,4,4
41,3,10
41,2,6
41,4,3
41,2,4
41,5,9
41,3,6
41,2,1
42,3,2
42,5,7
42,5,4
42,5,7
42,3,4
42,2,5
42,2,6
42,3,4
42,2,8
42,4,3
42,5,8
42,3,10
42,3,2
42,2,6
42,3,3
42,5,1
42,2,1
42,2,2
42,5,2
42,2,7
42,4,7
42,2,5
42,5,2
42,3,4
42,4,7
42,5,9
42,4,6
42,2,1
42,2,10
42,3,9
43,5,4
43,2,7
43,5,3
43,3,7
43,5,8
43,2,4
43,4,8
43,3,2
43,2,5
43,2,7
43,5,7
43,2,5
43,3,6
43,3,3
43,2,9
43,4,10
43,5,8
43,2,8
43,4,5
43,5,6
43,3,5
43,5,3
43,3,1
43,2,6
43,4,5
43,3,5
43,5,1
43,3,4
43,5,9
43,4,5
43,2,10
44,4,4
44,3,6
44,3,9
44,3,3
44,2,4
44,2,4
44,3,2
44,3,2
44,5,6
44,2,2
44,3,1
44,5,6
44,5,6
44,3,7
44,5,9
44,3,2
44,5,3
44,2,9
44,3,9
44,3,6
44,4,9
44,2,2
44,3,1
44,4,3
44,3,8
44,5,7
44,3,6
44,4,4
44,2,4
44,4,6
44,3,9
44,4,8
44,3,4
44,5,8
44,4,7
44,4,9
44,4,8
44,4,9
44,4,5
45,2,7
45,2,3
45,4,1
45,4,9
45,5,4
45,4,4
45,3,7
45,5,2
45,4,1
45,5,6
45,4,7
45,5,5
45,5,6
45,3,10
45,4,8
45,5,8
45,3,2
45,5,6
45,2,4
45,5,2
45,2,1
45,4,9
45,2,1
45,2,3
45,3,5
45,3,9
45,5,5
45,5,6
45,5,5
45,3,6
45,3,10
45,4,5
45,5,2
45,3,3
45,3,10
45,3,4
45,3,4
45,2,1
45,3,5
46,5,6
46,3,8
46,5,5
46,4,6
46,4,1
46,2,7
46,4,9
46,4,7
46,5,2
46,5,2
46,2,7
46,5,3
46,4,6
46,5,8
46,2,4
46,4,10
46,2,9
46,5,6
46,3,10
46,2,6
46,3,1
46,5,10
46,4,6
46,2,1
46,3,6
46,4,3
46,5,8
46,5,3
46,3,7
46,3,7
47,5,10
47,1,6
47,2,7
47,1,3
47,2,10
47,2,10
47,5,10
47,5,3
47,1,3
47,4,10
47,3,5
47,2,10
47,3,6
47,3,10
47,1,7
47,1,6
47,3,3
47,2,10
47,1,4
47,3,5
47,2,8
47,2,8
47,3,8
47,5,3
47,1,10
47,2,5
48,1,3
48,4,4
48,4,10
48,2,5
48,4,2
48,1,5
48,4,4
48,1,6
48,3,4
48,3,8
48,5,1
48,5,5
48,5,1
48,5,3
48,2,9
48,2,2
48,1,2
48,5,1
48,4,6
48,1,1
48,1,10
48,1,5
49,3,7
49,3,10
49,5,3
49,2,2
49,4,7
49,1,5
49,1,9
49,1,8
49,1,2
49,4,7
49,3,6
49,4,7
49,4,9
49,1,7
49,2,6
49,5,10
49,1,9
49,1,7
49,4,4
49,5,10
49,5,8
49,5,9
49,5,8
49,4,8
49,4,10
49,1,3
49,5,1
49,3,4
49,5,8
49,1,3
49,4,3
49,1,4
49,2,4
49,5,4
49,2,10
49,2,10
49,4,6
49,1,10
49,2,7
49,3,9
49,3,4
49,3,5
49,4,1
49,4,2
49,1,7
50,3,4
50,2,5
50,5,4
50,4,2
50,1,8
50,5,2
50,3,7
50,3,3
50,5,8
50,2,6
50,4,6
50,2,8
50,4,8
50,2,4
50,2,9
50,1,6
50,2,6
50,2,3
50,5,6
50,4,8
50,5,10
50,2,6
50,3,1
50,2,10
50,2,4
50,2,9
50,1,5
50,1,3
50,3,8
51,2,3
51,2,4
51,2,8
51,2,4
51,1,10
51,5,7
51,2,9
51,3,4
51,1,9
51,5,3
51,5,9
51,2,6
51,4,10
51,5,7
51,3,8
51,5,7
51,4,10
51,2,8
51,3,5
51,5,9
51,2,1
51,2,10
51,1,3
51,4,5
51,5,10
51,3,4
51,3,4
51,1,1
51,1,4
51,4,6
51,4,10
51,3,5
52,5,2
52,2,10
52,1,7
52,2,2
52,4,6
52,4,6
52,5,7
52,2,8
52,5,1
52,5,8
52,2,1
52,2,2
52,5,5
52,1,5
52,4,6
52,4,7
52,5,2
52,2,6
52,4,8
52,1,3
52,1,3
52,5,9
52,5,10
52,1,1
52,2,5
52,4,1
52,2,3
52,4,4
52,1,8
53,3,6
53,4,9
53,4,9
53,5,7
53,2,9
53,5,3
53,2,5
53,5,8
53,2,9
53,4,10
53,5,7
53,5,2
53,2,7
53,5,3
53,5,3
53,5,10
53,5,1
53,4,4
53,1,6
53,2,9
53,1,4
53,3,7
53,2,2
53,2,6
53,1,2
53,2,3
53,4,7
53,1,1
53,5,1
53,1,2
53,2,7
53,2,3
53,2,7
53,5,1
53,3,6
53,1,3
53,2,3
53,1,7
53,2,1
53,3,5
53,1,8
54,4,2
54,2,4
54,4,4
54,4,3
54,1,2
54,3,1
54,3,2
54,2,10
54,3,1
54,1,9
54,3,4
54,3,8
54,1,4
54,5,10
54,5,9
54,3,9
54,2,2
54,5,2
54,4,9
54,1,9
54,4,7
54,4,4
54,2,6
54,2,7
54,2,1
54,3,2
54,3,10
54,2,7
54,5,6
54,1,8
54,2,8
54,4,1
54,2,2
54,4,3
54,1,8
54,5,6
54,3,2
54,1,4
54,5,9
54,4,7
54,3,2
54,1,10
54,1,9
54,5,6
54,4,9
55,4,6
55,1,1
55,5,2
55,2,5
55,5,9
55,4,8
55,3,4
55,2,10
55,3,9
55,5,2
55,3,7
55,4,10
55,3,7
55,2,10
55,2,5
55,3,10
55,2,9
55,4,10
55,3,3
55,2,8
55,1,3
55,4,6
55,2,7
55,4,3
55,1,8
55,2,6
55,3,6
55,2,7
55,3,1
55,2,5
55,4,8
55,3,10
55,5,1
55,5,6
55,3,9
55,1,6
56,2,5
56,5,2
56,4,7
56,5,7
56,4,10
56,2,4
56,4,3
56,2,5
56,1,10
56,3,3
56,5,3
56,2,10
56,2,8
56,2,4
56,4,4
56,1,1
56,3,5
56,5,10
56,1,7
56,3,2
56,2,9
56,2,7
56,2,1
56,2,5
56,1,4
56,4,7
56,5,1
56,2,7
56,1,10
56,2,10
56,4,9
57,1,10
57,2,2
57,4,7
57,1,9
57,1,5
57,2,7
57,2,5
57,1,10
57,3,4
57,4,2
57,1,10
57,2,7
57,3,4
57,1,9
57,3,7
57,3,2
57,3,3
57,3,9
57,5,7
57,3,4
57,3,1
57,1,7
57,3,5
57,2,8
57,3,6
57,4,5
57,3,10
57,1,3
57,4,9
57,4,9
57,4,4
57,5,2
57,3,8
57,4,3
57,1,6
57,1,3
58,4,9
58,2,3
58,1,6
58,2,5
58,3,7
58,2,1
58,2,9
58,4,3
58,1,10
58,4,6
58,2,6
58,3,10
58,5,5
58,2,7
58,4,3
58,1,9
58,4,10
58,2,5
58,1,1
58,1,4
58,2,8
58,3,2
58,3,7
58,2,2
58,5,8
58,1,4
58,2,5
58,3,10
58,5,10
58,2,2
58,5,4
58,1,7
58,5,6
58,5,6
58,4,10
58,4,1
58,5,8
58,2,3
59,1,10
59,5,1
59,1,1
59,2,5
59,4,9
59,1,7
59,3,8
59,5,10
59,5,2
59,4,3
59,5,5
59,5,3
59,3,1
59,4,10
59,5,8
59,1,6
59,5,8
59,1,7
59,3,1
59,2,8
59,5,7
59,2,3
59,1,2
59,5,10
59,4,8
59,3,3
59,2,7
59,1,1
59,2,2
59,5,7
59,1,7
59,1,6
60,4,2
60,1,2
60,3,9
60,4,6
60,4,6
60,2,7
60,2,10
60,4,2
60,1,4
60,3,10
60,3,2
60,1,8
60,5,7
60,4,9
60,3,4
60,4,1
60,5,6
60,2,2
60,2,1
60,3,8
60,2,10
61,5,7
61,5,7
61,3,5
61,4,2
61,3,10
61,3,10
61,4,9
61,5,7
61,2,1
61,1,6
61,5,4
61,3,3
61,2,2
61,5,7
61,2,1
61,4,4
61,4,6
61,1,8
61,4,2
61,4,6
61,5,5
61,1,7
61,2,6
61,3,3
61,5,9
61,5,8
61,1,1
61,3,8
61,5,1
61,5,9
61,4,1
61,3,4
61,2,1
61,3,10
61,5,3
62,3,9
62,1,4
62,2,3
62,5,10
62,5,4
62,3,4
62,4,4
62,5,5
62,5,3
62,2,7
62,2,9
62,1,7
62,5,8
62,4,10
62,5,5
62,4,6
62,2,7
62,5,2
62,4,8
62,5,10
62,5,4
62,2,4
62,1,5
62,3,2
62,1,2
62,2,7
62,1,9
62,2,3
62,4,9
63,3,5
63,1,5
63,1,1
63,1,10
63,3,3
63,3,3
63,5,10
63,4,5
63,4,1
63,4,7
63,1,8
63,2,3
63,3,2
63,2,7
63,1,8
63,4,5
63,1,10
63,4,2
63,3,7
63,4,1
63,1,8
63,4,6
63,1,8
63,2,8
63,4,5
63,3,1
63,5,5
63,5,10
63,5,4
63,1,5
63,2,3
63,1,9
63,3,9
63,2,1
64,5,8
64,2,4
64,3,3
64,4,6
64,2,10
64,5,3
64,3,3
64,4,9
64,4,9
64,1,8
64,3,6
64,4,1
64,4,3
64,1,4
64,4,5
64,5,6
64,4,8
64,1,5
64,3,4
64,1,10
64,5,5
64,4,8
64,3,9
64,3,5
64,1,5
64,3,8
64,5,1
64,4,2
64,2,10
64,2,9
64,1,1
64,4,6
64,1,1
64,1,4
64,3,1
65,1,3
65,4,9
65,4,3
65,5,7
65,3,5
65,5,3
65,3,1
65,2,10
65,1,5
65,3,4
65,3,2
65,2,9
65,5,2
65,2,6
65,4,8
65,4,10
65,5,1
65,4,1
65,1,5
65,1,9
65,5,3
65,4,8
65,2,4
65,5,8
65,1,7
65,4,3
65,1,4
65,1,7
65,4,6
65,2,9
65,3,8
65,2,3
65,5,8
65,1,4
65,5,4
65,4,1
65,5,3
65,1,3
65,3,9
65,1,6
66,3,10
66,3,6
66,1,5
66,3,1
66,2,6
66,5,5
66,4,5
66,3,5
66,2,9
66,3,10
66,4,6
66,1,7
66,1,9
66,1,10
66,4,5
66,4,1
66,1,5
66,2,5
66,1,10
66,5,4
66,1,2
66,5,1
66,1,7
66,1,4
66,1,3
66,4,8
66,5,5
66,1,9
66,4,6
66,1,1
66,2,2
67,3,4
67,4,3
67,3,5
67,5,6
67,3,8
67,4,2
67,3,5
67,5,6
67,3,3
67,1,7
67,1,2
67,1,4
67,3,4
67,2,3
67,5,5
67,4,3
67,2,3
67,1,6
67,2,9
67,5,7
67,3,6
67,5,9
67,1,8
67,4,10
67,5,7
67,2,8
67,2,9
67,5,4
67,1,9
67,1,2
67,4,7
67,3,9
67,1,5
67,2,2
67,2,1
67,1,10
67,2,10
67,5,1
68,3,9
68,5,8
68,2,9
68,4,1
68,3,4
68,1,6
68,4,4
68,1,3
68,2,2
68,4,2
68,3,10
68,5,1
68,4,8
68,1,3
68,4,10
68,1,1
68,2,10
68,5,4
68,2,2
68,5,1
68,4,9
68,5,8
68,1,4
68,4,9
68,2,6
68,4,5
68,1,8
68,5,6
68,5,7
68,5,6
68,4,1
68,3,8
68,2,2
68,5,5
68,3,1
69,1,2
69,3,1
69,2,1
69,2,2
69,2,2
69,1,6
69,5,8
69,2,2
69,3,10
69,3,4
69,4,3
69,1,4
69,4,4
69,5,3
69,5,2
69,1,8
69,3,5
69,2,10
69,4,8
69,1,3
69,2,6
69,1,6
69,3,1
69,1,4
70,5,3
70,5,7
70,1,7
70,5,4
70,4,8
70,2,7
70,2,6
70,1,7
70,5,1
70,4,2
70,4,9
70,1,1
70,5,9
70,5,9
70,4,1
70,2,9
70,4,3
70,3,5
70,5,9
70,3,10
70,5,1
70,3,10
70,2,1
70,3,2
70,5,6
70,1,8
70,2,9
70,3,5
70,5,10
70,1,1
71,3,10
71,3,3
71,1,4
71,1,7
71,2,5
71,1,4
71,4,5
71,1,3
71,5,8
71,5,4
71,2,5
71,4,6
71,3,8
71,5,1
71,2,5
71,4,4
71,4,3
71,5,5
71,2,6
71,2,6
71,5,7
71,2,2
71,3,2
71,5,8
71,4,5
71,2,8
71,2,9
71,4,3
71,1,9
71,2,1
71,5,4
71,1,9
71,3,9
71,4,3
71,3,3
71,3,7
72,2,2
72,1,2
72,4,10
72,4,3
72,1,3
72,2,1
72,1,1
72,2,7
72,4,9
72,4,3
72,4,2
72,5,2
72,3,2
72,4,10
72,2,5
72,4,6
72,3,7
72,3,7
72,1,10
72,3,7
72,3,8
72,1,8
72,5,6
72,2,8
72,5,10
72,4,5
72,1,1
72,2,9
73,3,3
73,2,3
73,1,1
73,3,10
73,1,7
73,5,3
73,3,4
73,4,4
73,5,9
73,4,7
73,5,1
73,1,5
73,3,5
73,2,5
73,5,3
73,2,5
73,1,10
73,1,7
73,3,6
73,2,2
73,1,5
73,2,5
73,1,8
74,1,9
74,1,4
74,2,9
74,3,8
74,1,8
74,5,4
74,2,5
74,2,5
74,3,9
74,1,10
74,3,4
74,5,5
74,5,2
74,3,5
74,1,10
74,2,6
74,3,3
74,5,7
74,2,6
74,4,10
74,3,8
74,5,8
74,4,9
74,4,7
74,2,6
74,1,10
74,1,5
74,4,7
74,4,1
74,4,2
74,3,9
74,1,8
74,2,8
74,2,10
74,4,1
74,1,5
74,4,9
74,5,1
74,3,5
74,2,3
74,3,6
74,3,7
75,5,6
75,4,4
75,2,6
75,2,10
75,2,2
75,3,6
75,4,10
75,5,3
75,5,2
75,3,7
75,4,8
75,3,9
75,3,7
75,5,8
75,1,8
75,3,7
75,5,5
75,4,5
75,1,7
75,3,7
75,5,9
75,4,5
75,1,8
75,4,2
75,5,8
75,2,7
75,2,8
75,3,6
76,2,5
76,4,3
76,3,9
76,4,7
76,1,3
76,5,1
76,4,6
76,1,4
76,4,4
76,1,3
76,3,4
76,5,9
76,3,2
76,3,10
76,2,7
76,5,3
76,3,7
76,2,1
76,1,2
76,2,3
76,3,2
76,2,5
76,3,7
76,4,5
76,4,3
76,1,3
76,2,1
76,1,6
76,4,3
76,3,9
76,4,7
76,1,7
76,1,4
76,1,3
76,2,6
77,5,3
77,5,10
77,3,4
77,2,8
77,3,4
77,1,10
77,5,4
77,3,3
77,3,3
77,2,8
77,3,7
77,5,8
77,3,5
77,3,6
77,5,4
77,1,7
77,3,2
77,4,4
77,1,1
77,2,5
77,5,4
77,4,7
77,1,8
77,1,7
77,2,3
77,3,1
77,4,9
77,3,8
77,3,3
77,5,7
78,4,8
78,4,5
78,5,1
78,4,9
78,5,7
78,5,1
78,3,1
78,1,10
78,1,4
78,3,7
78,5,7
78,4,9
78,3,7
78,1,1
78,5,1
78,2,2
78,2,9
78,5,9
78,4,6
78,4,8
78,4,9
78,1,5
78,5,4
78,4,1
78,2,9
78,4,3
78,2,3
78,5,10
78,4,4
78,3,3
78,3,4
78,5,2
78,4,5
78,3,6
78,3,3
78,3,8
78,4,7
79,1,5
79,3,8
79,5,8
79,3,10
79,3,5
79,3,2
79,4,3
79,3,1
79,5,8
79,4,1
79,2,6
79,2,3
79,5,10
79,2,10
79,4,5
79,2,1
79,1,9
79,1,3
79,5,8
79,1,1
79,5,8
79,3,1
79,2,1
79,4,7
79,1,10
79,5,1
79,2,5
79,2,3
79,2,10
79,3,9
79,3,7
79,3,9
79,3,7
79,1,1
80,4,4
80,5,8
80,3,3
80,3,3
80,2,3
80,2,9
80,2,8
80,2,10
80,1,2
80,2,3
80,2,3
80,3,7
80,1,6
80,2,3
80,2,4
80,1,4
80,2,10
80,5,10
80,4,1
80,5,10
80,4,7
80,3,5
80,1,4
80,5,3
80,3,10
80,1,2
80,2,4
80,1,7
80,1,5
80,3,4
80,1,2
80,2,3
80,3,5
81,2,9
81,4,4
81,3,3
81,3,1
81,1,7
81,4,10
81,1,4
81,3,10
81,2,6
81,1,10
81,2,1
81,4,4
81,3,7
81,2,8
81,1,5
81,3,4
81,5,3
81,2,7
81,1,4
81,2,3
81,3,3
81,5,5
81,1,3
82,2,5
82,3,1
82,1,5
82,5,4
82,2,8
82,5,8
82,5,9
82,1,9
82,2,3
82,4,9
82,4,3
82,2,9
82,4,1
82,1,10
82,4,3
82,5,1
82,1,5
82,4,2
82,2,8
82,5,8
82,5,4
82,1,7
82,5,5
82,2,1
83,1,6
83,2,4
83,2,1
83,4,5
83,4,2
83,4,8
83,5,2
83,1,1
83,3,1
83,2,9
83,5,4
83,3,5
83,2,7
83,4,4
83,3,10
83,1,10
83,5,3
83,4,5
83,1,9
83,1,6
83,2,7
83,3,3
83,3,9
83,1,6
83,4,1
83,1,9
83,1,2
83,4,3
83,5,7
83,4,9
83,4,9
83,5,5
84,1,9
84,1,4
84,5,5
84,3,3
84,1,6
84,5,2
84,3,6
84,4,4
84,5,4
84,2,1
84,3,7
84,4,9
84,1,8
84,4,3
84,2,2
84,2,3
84,2,6
84,5,8
84,4,3
84,4,5
84,5,4
84,4,5
84,5,8
84,4,4
84,5,4
84,4,9
84,3,4
84,1,7
84,4,10
84,1,3
84,1,10
84,4,8
84,4,3
84,4,1
84,3,7
84,3,6
85,3,7
85,5,1
85,1,8
85,4,1
85,3,7
85,1,1
85,1,8
85,1,4
85,1,2
85,3,9
85,3,3
85,4,3
85,4,8
85,1,9
85,5,6
85,4,7
85,1,3
85,2,8
85,3,9
85,4,2
85,2,3
85,5,5
85,2,10
85,1,5
85,1,1
85,2,10
85,5,5
85,1,2
85,5,9
86,5,8
86,1,7
86,4,8
86,1,1
86,5,1
86,3,1
86,4,7
86,5,10
86,3,4
86,3,9
86,3,2
86,4,1
86,2,7
86,3,7
86,2,10
86,5,8
86,5,8
86,4,2
86,1,1
86,1,1
86,5,2
86,1,1
86,3,9
86,4,3
86,3,4
86,3,8
86,1,2
86,5,8
86,2,6
86,1,10
86,3,5
86,5,9
86,1,6
86,2,8
86,4,3
86,2,4
86,4,3
86,1,8
86,5,1
86,3,10
86,1,2
86,4,9
87,3,3
87,1,10
87,5,4
87,4,9
87,4,8
87,4,4
87,5,3
87,2,3
87,2,5
87,4,8
87,4,5
87,4,7
87,1,3
87,4,9
87,2,5
87,3,5
87,1,5
87,1,6
87,2,8
87,3,4
87,3,9
87,5,5
87,4,7
87,4,4
87,2,2
87,3,6
87,4,3
87,3,4
87,3,5
87,5,7
87,1,9
87,1,10
88,1,8
88,3,3
88,1,3
88,2,8
88,2,9
88,1,5
88,4,3
88,2,3
88,3,5
88,2,6
88,3,10
88,5,8
88,3,5
88,2,2
88,1,2
88,1,8
88,1,10
88,1,9
88,3,2
88,4,1
88,2,3
88,1,10
88,3,2
88,2,10
88,1,8
88,1,3
88,3,3
89,4,7
89,4,5
89,2,4
89,4,9
89,3,4
89,5,3
89,3,3
89,4,7
89,3,6
89,1,9
89,1,4
89,1,10
89,4,7
89,3,10
89,2,9
89,3,9
89,2,9
89,2,1
89,5,4
89,1,6
89,2,4
89,1,1
89,3,10
89,4,8
89,5,7
89,3,6
89,5,2
90,2,4
90,1,4
90,2,2
90,3,6
90,4,3
90,5,9
90,3,3
90,5,3
90,2,3
90,4,6
90,4,6
90,2,9
90,4,1
90,3,3
90,1,1
90,1,3
90,3,8
90,4,5
90,1,1
90,2,1
90,2,3
90,3,9
90,2,8
90,3,3
90,1,6
90,3,5
90,2,8
90,1,3
90,3,9
90,3,10
90,2,1
91,4,2
91,2,4
91,5,1
91,5,1
91,3,10
91,5,6
91,1,4
91,4,6
91,4,4
91,5,6
91,1,7
91,3,8
91,3,5
91,5,4
91,2,2
91,1,2
91,4,3
91,3,1
91,1,1
91,3,10
91,2,2
91,1,9
91,4,5
91,5,3
91,4,7
91,2,8
91,1,2
91,1,10
91,1,1
91,5,6
91,2,6
91,4,2
91,2,10
91,4,3
91,2,7
91,2,10
91,1,10
91,2,4
91,5,3
91,5,6
91,5,7
91,2,4
92,5,9
92,4,2
92,5,10
92,4,7
92,3,3
92,1,8
92,3,2
92,4,10
92,5,10
92,2,9
92,3,8
92,4,7
92,4,7
92,3,8
92,5,3
92,4,5
92,3,1
92,5,9
92,3,2
92,3,10
92,1,5
92,5,7
92,1,6
92,4,3
92,5,4
92,5,10
92,4,10
92,5,5
92,3,7
92,4,8
92,5,6
92,1,4
92,1,3
92,3,6
92,2,1
92,1,1
92,3,8
92,5,4
93,3,5
93,3,6
93,2,2
93,4,1
93,2,5
93,2,4
93,2,3
93,5,9
93,4,5
93,4,6
93,5,9
93,5,5
93,5,7
93,2,9
93,1,10
93,4,7
93,1,8
93,4,7
93,5,9
93,3,4
93,4,5
93,5,7
93,2,5
93,5,7
93,5,7
93,1,3
93,2,3
93,1,9
93,5,9
93,3,10
93,1,3
93,3,9
93,2,6
93,3,1
93,5,3
93,2,7
93,1,5
93,4,6
94,3,9
94,1,7
94,2,10
94,1,6
94,2,5
94,3,9
94,2,4
94,3,4
94,2,3
94,2,9
94,3,10
94,5,5
94,1,3
94,5,10
94,4,5
94,4,7
94,3,6
94,3,2
94,3,7
94,5,3
94,2,7
94,5,9
94,4,7
94,3,6
94,1,6
94,5,5
94,2,1
94,2,3
94,4,10
94,2,2
94,2,7
94,3,1
94,5,7
94,1,5
94,4,1
94,5,6
94,4,6
95,3,10
95,4,5
95,5,5
95,2,4
95,3,1
95,4,2
95,4,3
95,3,8
95,2,3
95,5,7
95,5,4
95,3,9
95,3,10
95,4,2
95,2,8
95,1,10
95,5,3
95,4,7
95,1,2
95,4,5
95,2,3
95,3,3
95,4,4
95,4,9
95,3,2
95,4,6
95,3,5
95,3,1
96,4,1
96,3,6
96,2,4
96,5,2
96,3,6
96,1,7
96,1,8
96,3,6
96,2,1
96,1,10
96,1,1
96,5,9
96,1,5
96,1,8
96,2,1
96,2,3
96,3,10
96,3,7
96,5,3
96,3,4
96,2,3
96,2,1
96,3,3
96,4,3
96,4,5
96,1,4
96,5,3
96,2,3
96,3,9
96,5,6
96,4,1
96,2,5
96,3,7
96,4,3
97,3,2
97,5,4
97,1,7
97,1,9
97,1,9
97,4,1
97,4,9
97,4,4
97,1,2
97,3,9
97,5,9
97,3,2
97,4,4
97,2,6
97,3,7
97,4,8
97,2,9
97,3,6
97,1,6
97,3,7
97,5,1
97,5,2
97,4,4
97,4,10
97,5,6
97,4,3
97,2,7
97,4,1
97,3,6
97,2,7
97,2,4
97,2,6
97,2,9
97,4,5
97,5,8
97,2,4
97,4,5
97,4,3
97,2,10
97,2,7
97,2,1
98,2,7
98,3,9
98,2,6
98,3,10
98,5,4
98,1,5
98,5,1
98,2,7
98,4,8
98,3,3
98,2,6
98,2,8
98,1,10
98,4,2
98,2,7
98,2,10
98,3,10
98,2,3
98,3,5
98,2,3
98,5,5
98,3,10
98,1,6
98,2,1
98,4,9
98,4,4
98,5,6
98,2,5
98,5,7
98,3,9
98,5,7
98,4,5
99,4,9
99,4,8
99,5,5
99,1,1
99,3,10
99,3,5
99,4,8
99,1,10
99,1,9
99,2,7
99,1,9
99,5,8
99,3,1
99,5,10
99,5,5
99,4,2
99,4,7
99,4,1
99,5,8
99,4,8
99,5,9
99,3,3
99,4,3
99,4,9
99,4,10
99,2,4
99,2,6
99,4,10
99,5,10
99,1,8
99,3,6
99,1,6
99,4,2
99,2,5
99,4,10
99,1,8
99,3,5
99,5,6
99,4,6
99,5,6
99,3,9
99,2,10
99,5,6
100,2,10
100,3,6
100,1,2
100,3,3
100,3,4
100,3,8
100,1,1
100,5,2
100,5,10
100,2,3
100,3,3
100,1,2
100,5,3
100,5,1
100,2,9
100,2,10
100,3,10
100,5,2
100,2,5
100,1,10
100,1,6
100,1,6
100,4,2
100,2,6
100,3,2
100,2,4
100,2,5
100,5,2
100,1,9
101,2,2
101,3,5
101,3,5
101,3,3
101,2,3
101,3,4
101,1,4
101,3,6
101,1,3
101,3,6
101,3,9
101,1,2
101,5,4
101,1,7
101,4,9
101,5,9
101,5,10
101,3,8
101,4,2
101,3,8
101,5,5
101,3,4
101,1,6
101,3,9
101,3,2
101,4,3
101,3,10
102,2,8
102,2,9
102,3,2
102,5,6
102,5,6
102,2,2
102,3,7
102,2,4
102,3,3
102,1,3
102,5,8
102,2,8
102,2,5
102,5,2
102,2,1
102,5,5
102,1,8
102,1,7
102,5,4
102,2,7
102,3,8
102,3,10
102,5,2
102,4,1
102,1,3
102,3,6
102,3,8
102,3,10
102,1,4
102,1,3
102,1,2
102,2,8
102,3,3
102,3,7
102,2,9
103,5,9
103,3,7
103,1,9
103,5,4
103,1,1
103,2,8
103,5,9
103,5,3
103,3,4
103,1,2
103,1,7
103,4,2
103,3,8
103,4,6
103,5,3
103,1,7
103,2,3
103,1,6
103,3,7
103,1,4
103,2,2
103,2,8
103,5,1
103,1,2
103,4,6
103,2,4
103,5,5
103,2,2
103,1,9
103,4,10
103,4,5
103,3,7
103,3,6
104,2,7
104,2,4
104,3,9
104,4,7
104,4,8
104,2,3
104,4,1
104,1,6
104,4,2
104,2,2
104,3,6
104,3,6
104,1,6
104,5,1
104,4,8
104,2,6
104,2,7
104,2,2
104,1,10
104,4,4
104,2,8
104,3,7
104,5,8
104,1,1
104,5,1
104,1,4
104,3,5
104,3,8
104,3,7
104,3,8
104,3,6
104,5,6
104,4,8
105,1,6
105,1,1
105,2,6
105,5,2
105,3,10
105,5,8
105,1,7
105,2,9
105,4,2
105,4,4
105,5,4
105,2,4
105,4,7
105,4,1
105,1,2
105,5,1
105,4,10
105,1,8
105,3,7
105,3,7
105,4,3
105,3,3
105,5,3
105,4,5
105,2,3
105,1,4
105,5,7
105,5,8
105,3,3
105,2,1
105,3,4
105,5,2
105,5,9
105,5,9
105,2,10
105,5,8
105,5,1
105,5,2
105,5,4
105,1,7
105,4,9
105,4,8
105,3,9
106,2,2
106,5,9
106,1,1
106,5,6
106,2,3
106,5,1
106,3,6
106,3,6
106,5,2
106,2,3
106,4,5
106,2,2
106,1,5
106,2,9
106,1,9
106,2,9
106,4,4
106,2,6
106,1,7
106,5,2
106,4,5
106,1,1
106,2,3
106,3,6
106,5,4
106,2,8
106,1,3
106,3,6
106,4,9
106,5,9
106,2,5
106,3,1
106,5,3
106,4,1
107,3,7
107,5,1
107,3,6
107,2,1
107,4,9
107,3,2
107,4,10
107,2,3
107,2,5
107,4,1
107,2,5
107,2,8
107,4,3
107,3,1
107,2,6
107,1,8
107,5,8
107,2,4
107,5,4
107,3,1
107,3,2
107,4,1
107,1,1
107,2,3
107,4,8
107,2,7
107,2,6
107,3,6
107,5,8
107,2,9
107,1,4
107,2,10
107,4,6
107,5,8
107,5,5
107,4,9
107,4,5
107,1,4
107,1,9
107,3,7
108,4,10
108,2,5
108,4,5
108,5,10
108,1,8
108,5,3
108,3,1
108,5,2
108,4,3
108,1,4
108,5,2
108,1,1
108,5,9
108,3,3
108,1,7
108,4,10
108,3,5
108,2,2
108,2,8
108,4,7
108,2,3
108,3,4
108,2,5
108,3,10
108,3,1
108,3,5
108,5,6
108,1,6
108,2,1
108,5,3
108,5,10
108,4,4
108,2,10
108,5,3
108,3,1
109,3,3
109,5,10
109,1,3
109,2,6
109,5,7
109,5,4
109,3,1
109,2,2
109,3,5
109,5,1
109,5,9
109,2,2
109,3,4
109,2,1
109,3,5
109,4,10
109,5,6
109,4,5
109,1,5
109,4,5
109,5,1
109,3,7
109,1,1
109,2,1
109,4,4
109,5,4
109,1,3
110,4,10
110,1,3
110,3,5
110,2,6
110,1,10
110,2,3
110,4,5
110,3,3
110,1,1
110,4,10
110,4,1
110,2,5
110,3,5
110,4,4
110,5,9
110,3,8
110,3,1
110,2,5
110,4,8
110,4,7
110,3,6
110,5,4
110,1,9
110,2,4
110,1,2
110,3,3
110,2,10
110,4,2
111,1,5
111,3,7
111,4,7
111,3,3
111,5,9
111,5,7
111,1,4
111,1,10
111,4,9
111,4,5
111,3,5
111,1,10
111,3,7
111,3,10
111,5,8
111,4,1
111,5,3
111,4,1
111,4,8
111,5,4
111,3,4
111,3,2
111,5,1
111,4,6
111,2,8
111,4,10
111,2,7
112,1,2
112,5,10
112,3,3
112,4,1
112,4,10
112,1,1
112,4,10
112,4,2
112,3,9
112,2,3
112,2,2
112,4,9
112,4,6
112,5,3
112,1,3
112,5,6
112,4,1
112,1,10
112,3,9
112,1,6
112,2,7
112,2,5
112,2,2
112,3,9
112,2,4
112,4,1
112,5,1
112,1,7
112,1,1
112,5,1
113,4,4
113,3,1
113,5,9
113,3,8
113,3,4
113,1,3
113,1,5
113,4,7
113,2,5
113,5,2
113,2,1
113,2,3
113,3,10
113,5,2
113,4,10
113,2,10
113,4,5
113,5,2
113,1,6
113,2,1
113,1,5
113,4,4
113,2,3
113,5,3
113,4,3
113,1,9
113,5,6
113,2,4
113,1,10
113,5,4
113,1,8
113,5,1
113,4,9
113,5,3
113,4,4
114,2,5
114,2,3
114,3,8
114,3,2
114,2,6
114,4,9
114,4,7
114,2,3
114,4,7
114,2,9
114,5,2
114,2,10
114,1,6
114,3,9
114,5,5
114,1,5
114,3,9
114,2,2
114,2,5
114,5,3
114,2,2
114,5,8
114,4,1
114,5,4
114,1,1
114,2,4
114,5,8
114,3,3
114,3,7
114,4,4
114,2,8
114,3,2
114,5,8
115,4,5
115,3,2
115,5,1
115,3,3
115,4,8
115,2,9
115,3,8
115,4,10
115,4,8
115,3,3
115,3,7
115,3,10
115,3,7
115,4,2
115,4,1
115,5,7
115,5,8
115,2,5
115,5,8
115,5,1
115,3,10
115,5,5
115,1,2
115,3,4
115,4,4
116,3,7
116,4,2
116,3,9
116,1,6
116,3,7
116,4,5
116,3,5
116,1,10
116,4,7
116,4,9
116,2,3
116,2,9
116,3,9
116,2,6
116,3,1
116,2,1
116,5,6
116,1,2
116,3,9
116,1,4
116,2,8
116,5,4
116,2,4
116,2,2
116,4,5
116,3,9
116,1,10
116,4,5
116,5,6
116,3,1
116,1,4
116,1,6
116,3,1
116,3,6
116,2,3
116,3,3
116,2,7
116,2,7
116,1,3
117,2,10
117,2,4
117,4,10
117,4,10
117,5,5
117,2,8
117,3,4
117,2,1
117,2,8
117,3,3
117,2,9
117,4,9
117,3,7
117,4,7
117,4,6
117,1,9
117,5,4
117,4,9
117,5,9
117,3,2
117,1,2
117,1,2
117,5,8
117,5,10
117,2,4
117,1,6
117,4,2
117,4,6
117,3,3
117,1,1
117,4,3
117,5,10
117,4,4
117,5,6
117,1,2
117,1,4
118,5,2
118,2,9
118,2,10
118,4,6
118,2,4
118,4,5
118,4,3
118,5,9
118,2,1
118,3,3
118,2,8
118,1,8
118,5,3
118,2,5
118,3,3
118,5,2
118,4,9
118,4,4
118,4,6
118,1,2
118,2,4
118,4,4
118,2,2
118,1,10
118,5,3
118,4,10
118,3,8
118,2,3
118,4,2
118,4,4
118,5,7
118,2,9
118,4,8
118,1,10
119,3,7
119,1,3
119,3,10
119,2,10
119,4,9
119,1,4
119,2,8
119,5,7
119,3,10
119,3,5
119,4,5
119,4,6
119,2,3
119,3,8
119,3,9
119,1,5
119,1,8
119,2,2
119,2,1
119,4,2
119,2,10
119,1,7
119,4,10
119,5,5
119,1,4
119,4,3
119,1,9
120,5,10
120,5,1
120,3,7
120,5,10
120,4,5
120,5,9
120,3,4
120,5,10
120,4,5
120,1,7
120,1,6
120,3,5
120,3,8
120,4,3
120,5,10
120,4,5
120,3,10
120,5,8
120,2,7
120,3,2
120,5,4
120,1,9
120,2,2
120,4,5
120,2,8
120,1,9
120,1,8
120,2,6
120,3,2
120,2,2
120,2,7
120,1,3
120,5,9
121,2,9
121,3,2
121,3,3
121,1,2
121,3,6
121,2,4
121,3,7
121,3,5
121,5,10
121,3,1
121,4,4
121,3,2
121,5,9
121,2,6
121,4,3
121,1,8
121,2,4
121,1,2
121,5,1
121,3,5
121,1,3
121,1,5
121,4,8
121,4,9
121,5,10
121,3,3
121,3,10
121,3,8
121,3,10
122,4,2
122,4,2
122,4,7
122,2,1
122,2,9
122,4,6
122,2,3
122,3,9
122,2,4
122,2,10
122,1,3
122,4,2
122,5,8
122,4,4
122,3,5
122,1,5
122,1,2
122,4,10
122,3,5
122,1,5
122,3,9
122,4,7
122,1,9
122,4,1
122,5,2
122,2,7
122,5,5
122,1,9
122,5,6
122,5,2
122,4,3
123,1,3
123,1,1
123,1,8
123,2,6
123,4,2
123,2,2
123,1,8
123,5,10
123,1,1
123,5,6
123,4,1
123,1,10
123,1,2
123,1,10
123,1,3
123,1,5
123,2,6
123,4,9
123,1,1
123,2,9
123,4,7
123,5,10
123,1,9
123,1,5
123,3,10
123,1,6
123,1,1
123,3,5
123,1,6
123,2,8
123,2,3
123,4,9
123,2,10
123,3,7
124,3,7
124,1,7
124,5,2
124,4,7
124,3,3
124,2,10
124,3,4
124,3,6
124,2,2
124,5,1
124,1,2
124,4,8
124,4,7
124,5,1
124,1,9
124,2,2
124,2,8
124,2,7
124,1,7
124,2,1
124,4,4
124,2,6
124,5,6
124,2,2
124,4,8
124,3,8
124,3,3
124,2,2
124,1,5
124,5,2
124,3,8
124,1,1
124,5,2
124,3,3
124,5,3
124,2,9
124,2,8
124,2,3
124,5,2
125,3,1
125,4,4
125,5,2
125,3,5
125,1,6
125,4,7
125,1,9
125,1,1
125,1,10
125,5,9
125,1,9
125,3,8
125,1,8
125,5,6
125,4,6
125,5,6
125,5,2
125,5,1
125,2,10
125,4,2
125,1,2
125,3,7
125,4,5
125,1,8
125,2,4
125,2,10
125,1,10
125,1,9
125,5,5
125,2,4
125,3,2
125,5,9
126,2,7
126,4,10
126,1,4
126,1,5
126,4,8
126,3,4
126,5,2
126,2,6
126,5,1
126,5,4
126,2,4
126,1,10
126,4,3
126,4,8
126,1,5
126,5,8
126,4,8
126,3,8
126,2,1
126,4,10
126,1,1
126,5,4
126,5,3
126,5,4
126,4,8
126,5,10
126,4,3
126,1,9
126,5,1
126,4,4
126,2,9
126,2,3
126,3,8
126,2,3
126,1,3
126,5,8
126,5,7
126,4,8
126,5,8
126,1,10
126,3,3
127,2,4
127,4,5
127,1,6
127,2,10
127,2,9
127,3,3
127,4,8
127,4,1
127,4,7
127,4,8
127,4,5
127,3,4
127,2,10
127,4,2
127,1,2
127,1,8
127,3,3
127,2,1
127,3,10
127,5,8
127,1,10
127,1,2
127,4,3
127,5,3
127,2,9
127,4,10
127,3,3
127,2,6
127,3,4
127,4,4
127,2,6
127,4,7
127,5,4
127,3,8
128,1,4
128,1,2
128,5,7
128,3,5
128,2,3
128,5,3
128,1,10
128,3,1
128,5,9
128,4,1
128,4,7
128,3,6
128,4,2
128,4,9
128,3,3
128,3,3
128,4,5
128,4,9
128,5,2
128,5,8
128,1,9
128,2,1
128,1,3
128,1,3
128,2,1
128,2,6
128,2,2
128,4,5
128,4,1
128,1,8
128,4,3
128,4,6
128,2,9
129,3,4
129,5,2
129,4,1
129,1,4
129,4,8
129,3,4
129,2,3
129,2,4
129,2,2
129,3,9
129,2,5
129,4,9
129,5,7
129,4,4
129,5,3
129,2,9
129,4,9
129,2,3
129,3,4
129,5,2
129,5,2
129,5,7
129,5,4
129,5,4
129,2,3
129,4,4
129,2,3
129,2,8
129,3,4
129,2,1
129,3,4
129,5,9
130,1,10
130,5,9
130,5,3
130,2,5
130,2,6
130,4,9
130,5,1
130,4,3
130,2,4
130,2,8
130,4,3
130,3,8
130,5,10
130,3,1
130,5,7
130,2,5
130,5,7
130,4,7
130,5,4
130,2,8
130,1,9
130,5,8
130,5,1
130,4,7
130,3,1
130,3,10
130,2,10
130,4,7
131,4,8
131,5,2
131,4,8
131,4,6
131,2,4
131,5,4
131,4,1
131,2,4
131,3,10
131,1,5
131,1,6
131,2,5
131,2,6
131,2,9
131,5,8
131,4,3
131,4,4
131,2,1
131,4,4
131,1,8
131,4,2
131,2,3
131,2,3
131,4,2
131,2,4
131,2,7
131,4,9
131,2,8
131,1,10
131,1,2
131,4,10
131,1,4
131,1,1
131,3,10
131,4,8
131,5,9
131,1,5
131,1,7
131,3,1
132,5,5
132,3,7
132,5,8
132,3,4
132,3,3
132,4,4
132,3,5
132,2,1
132,1,8
132,1,3
132,4,2
132,3,6
132,3,6
132,1,10
132,1,10
132,4,6
132,2,8
132,2,4
132,1,1
132,3,4
132,3,3
132,3,5
132,1,8
132,5,7
132,5,1
132,5,4
132,5,10
132,2,9
133,4,5
133,3,8
133,4,6
133,3,10
133,4,9
133,1,6
133,1,8
133,1,3
133,3,5
133,2,9
133,1,7
133,4,9
133,2,6
133,2,5
133,2,6
133,5,4
133,5,6
133,1,2
133,5,4
133,4,5
133,4,9
133,4,1
133,3,8
133,2,1
133,5,10
133,2,8
133,5,5
133,1,8
133,3,4
133,1,10
133,5,10
133,4,5
133,3,6
133,3,5
134,5,4
134,3,7
134,1,3
134,3,3
134,2,5
134,5,2
134,4,4
134,5,10
134,3,9
134,4,9
134,4,10
134,4,8
134,3,9
134,2,9
134,1,3
134,2,4
134,3,5
134,1,2
134,3,3
134,2,4
134,3,7
134,1,6
134,3,8
134,1,5
134,2,4
134,2,2
134,4,7
134,3,5
134,2,10
134,5,3
134,4,6
134,3,3
134,3,9
134,5,4
134,5,2
134,4,10
134,4,10
135,2,2
135,4,2
135,3,3
135,1,8
135,2,7
135,1,4
135,2,1
135,5,9
135,4,7
135,4,10
135,2,8
135,4,7
135,3,1
135,2,10
135,5,6
135,2,3
135,5,1
135,4,4
135,3,8
135,5,3
135,3,10
135,5,2
135,4,2
135,5,4
135,2,4
135,1,2
135,3,10
135,2,2
135,1,1
135,4,6
135,3,3
135,5,9
135,1,4
135,2,8
136,2,5
136,1,8
136,2,6
136,1,5
136,4,8
136,2,4
136,1,7
136,4,4
136,5,4
136,2,9
136,4,1
136,4,6
136,4,2
136,2,8
136,5,6
136,4,1
136,2,6
136,3,3
136,2,8
136,2,2
136,2,5
136,4,6
136,4,4
136,3,3
136,1,4
136,3,8
136,4,5
136,1,4
136,2,4
136,1,10
136,3,10
136,2,3
136,3,9
136,2,8
136,2,2
136,1,5
136,1,5
136,2,9
137,4,7
137,5,4
137,5,6
137,3,3
137,4,5
137,5,3
137,2,1
137,5,1
137,2,9
137,3,6
137,1,3
137,3,3
137,4,9
137,1,1
137,1,3
137,1,10
137,4,3
137,5,7
137,2,7
137,5,1
137,4,5
137,4,2
137,5,7
137,1,10
137,5,4
137,3,10
137,4,1
137,1,8
137,1,7
137,4,7
137,1,2
137,3,1
137,5,9
137,3,6
137,2,1
138,2,7
138,5,9
138,4,7
138,2,3
138,3,7
138,5,6
138,2,8
138,1,6
138,2,8
138,5,9
138,3,3
138,5,7
138,5,3
138,2,7
138,4,4
138,3,9
138,1,5
138,1,8
138,4,4
138,3,6
138,1,6
138,4,9
138,5,6
138,2,10
138,3,3
138,1,5
138,1,9
138,2,5
138,4,5
138,1,1
138,3,10
138,5,3
138,5,4
138,4,4
138,4,9
139,4,10
139,5,5
139,5,2
139,3,9
139,5,6
139,3,3
139,5,9
139,2,7
139,2,9
139,2,1
139,5,3
139,2,8
139,4,8
139,5,6
139,5,8
139,1,7
139,1,10
139,2,3
139,2,7
139,1,10
139,2,4
139,4,4
139,4,1
139,2,9
139,2,6
139,4,9
139,1,10
139,4,8
139,4,10
139,3,8
139,5,9
139,5,7
139,2,3
139,1,8
139,1,7
140,2,2
140,4,2
140,1,3
140,5,5
140,3,7
140,1,10
140,1,6
140,5,8
140,4,9
140,3,2
140,4,5
140,5,9
140,4,3
140,2,4
140,1,10
140,4,7
140,1,7
140,2,9
140,3,9
140,1,7
140,1,1
140,1,6
140,5,4
140,5,6
140,5,8
140,5,6
140,3,8
140,5,5
140,5,1
140,5,10
140,1,4
141,4,3
141,3,4
141,5,3
141,5,2
141,3,3
141,4,3
141,2,4
141,3,8
141,4,6
141,1,5
141,4,1
141,3,3
141,2,2
141,5,1
141,2,2
141,3,4
141,2,7
141,3,9
141,4,8
141,2,9
141,3,9
141,1,9
141,5,6
141,5,1
141,5,8
141,5,7
141,1,5
141,3,6
142,4,1
142,3,6
142,3,8
142,3,9
142,2,3
142,3,5
142,2,2
142,1,5
142,1,1
142,3,7
142,3,6
142,1,7
142,5,6
142,1,9
142,2,10
142,3,10
142,1,8
142,1,4
142,4,6
142,5,1
142,2,8
142,5,6
142,1,4
142,2,3
142,1,6
142,1,10
142,2,6
142,4,6
142,3,1
142,1,2
142,3,2
142,4,3
142,3,2
142,5,2
142,4,9
142,1,7
142,4,9
142,3,4
142,2,9
142,2,1
142,4,2
142,3,4
142,4,9
142,2,8
142,5,6
142,2,9
143,5,2
143,4,1
143,1,5
143,2,1
143,5,5
143,1,3
143,2,1
143,1,6
143,4,10
143,2,6
143,5,3
143,4,3
143,2,4
143,5,6
143,4,1
143,3,4
143,5,6
143,1,7
143,5,8
143,5,7
143,3,10
143,4,6
143,3,5
143,1,7
143,2,1
143,3,4
143,5,9
143,5,4
143,2,3
143,5,6
143,5,8
143,1,4
143,1,1
143,5,7
143,2,8
143,3,9
143,2,8
143,2,2
143,2,1
143,5,1
143,3,6
143,2,4
143,2,4
143,4,3
143,5,8
143,4,5
143,5,5
144,5,7
144,2,2
144,5,5
144,2,1
144,3,2
144,5,2
144,5,7
144,3,1
144,4,4
144,4,5
144,3,2
144,1,7
144,2,9
144,3,10
144,1,5
144,5,9
144,2,3
144,2,3
144,3,2
144,5,8
144,2,9
144,1,9
144,4,3
144,2,3
144,4,5
144,2,6
144,2,2
144,5,4
144,2,3
144,3,2
144,4,8
144,2,2
144,2,5
144,4,9
144,3,10
144,1,10
144,5,1
144,3,9
144,4,3
144,5,5
144,2,5
145,2,1
145,2,6
145,1,9
145,1,3
145,3,10
145,4,4
145,3,7
145,5,8
145,5,1
145,2,10
145,3,9
145,3,4
145,2,2
145,5,8
145,1,2
145,1,10
145,5,2
145,3,5
145,2,6
145,4,3
145,3,4
145,2,1
145,1,7
145,2,6
145,4,8
145,1,1
145,3,4
145,3,6
145,3,1
145,4,4
145,4,3
145,3,4
145,3,1
145,5,8
145,4,4
145,2,3
145,2,10
146,2,5
146,1,2
146,2,6
146,2,7
146,2,2
146,2,4
146,1,2
146,3,1
146,3,6
146,1,1
146,1,1
146,4,2
146,5,10
146,2,5
146,4,1
146,3,5
146,3,6
146,5,2
146,2,3
146,1,6
146,2,4
146,5,6
146,1,3
146,1,4
146,2,9
146,1,3
146,3,7
146,5,6
146,3,8
146,2,5
146,5,1
146,1,3
146,3,3
146,2,6
146,4,8
146,2,2
146,5,10
146,1,3
146,5,6
146,2,1
147,3,2
147,4,10
147,2,1
147,5,4
147,2,4
147,2,7
147,4,8
147,4,2
147,1,3
147,1,9
147,4,5
147,2,8
147,1,3
147,2,1
147,5,8
147,5,1
147,1,2
147,2,2
147,4,5
147,4,2
147,2,5
147,2,6
147,4,6
147,4,7
147,1,8
147,4,5
147,5,1
147,1,4
147,4,9
147,5,8
147,2,3
147,2,8
147,3,4
148,1,6
148,1,4
148,2,2
148,5,5
148,2,8
148,3,7
148,3,4
148,1,2
148,3,10
148,5,4
148,3,8
148,4,1
148,3,6
148,1,2
148,5,10
148,1,6
148,4,1
148,1,5
148,3,1
148,4,2
148,5,7
148,4,7
148,3,3
148,5,9
148,2,1
148,4,4
148,2,2
148,3,8
148,3,9
148,2,7
149,4,8
149,2,1
149,1,1
149,2,6
149,5,4
149,1,10
149,1,10
149,2,7
149,2,10
149,5,5
149,2,9
149,1,4
149,1,7
149,2,6
149,2,6
149,3,10
149,4,10
149,1,5
149,4,2
149,3,7
149,2,2
149,2,2
149,3,9
149,4,1
149,5,9
149,1,5
149,5,1
149,5,4
149,5,8
149,2,10
149,3,5
149,5,8
149,3,3
149,4,5
149,5,4
149,2,3
150,3,2
150,3,6
150,2,10
150,2,7
150,2,1
150,4,6
150,5,8
150,4,5
150,4,1
150,4,5
150,4,7
150,2,8
150,5,1
150,3,6
150,5,2
150,4,4
150,1,7
150,3,1
150,1,7
150,5,1
150,4,1
150,5,10
150,4,4
150,4,2
150,3,1
150,2,5
150,5,2
150,5,1
150,4,3
150,4,2
150,2,7
150,2,7
151,1,9
151,5,9
151,3,2
151,5,7
151,5,2
151,3,9
151,3,1
151,5,2
151,1,6
151,4,8
151,5,9
151,3,2
151,1,8
151,4,2
151,2,8
151,4,4
151,5,9
151,3,4
151,5,8
151,2,2
151,1,9
151,4,7
152,2,3
152,5,5
152,5,4
152,3,3
152,5,6
152,3,1
152,5,4
152,2,3
152,3,6
152,5,7
152,2,5
152,1,2
152,5,10
152,2,1
152,3,1
152,2,9
152,3,4
152,1,2
152,4,3
152,3,9
152,2,5
152,3,3
152,1,9
152,5,4
152,5,3
152,2,10
152,3,10
152,2,3
152,3,10
152,1,3
153,1,9
153,4,5
153,3,2
153,1,10
153,3,2
153,1,8
153,1,9
153,3,8
153,3,2
153,2,6
153,2,5
153,5,9
153,5,2
153,1,6
153,1,2
153,4,10
153,5,10
153,4,2
153,3,2
153,5,7
153,4,4
153,3,2
153,1,1
153,1,8
153,1,10
154,3,9
154,3,5
154,5,4
154,5,8
154,5,10
154,4,2
154,3,10
154,5,3
154,4,3
154,1,7
154,1,4
154,4,2
154,4,1
154,5,1
154,3,6
154,5,10
154,3,9
154,1,6
154,4,2
154,1,1
154,3,3
154,1,1
154,4,8
154,5,10
154,3,1
154,4,10
154,2,5
154,2,3
154,4,9
155,4,7
155,1,4
155,4,4
155,2,6
155,1,8
155,3,7
155,4,2
155,2,10
155,2,6
155,1,8
155,2,1
155,5,3
155,3,7
155,1,8
155,2,5
155,4,1
155,1,7
155,4,9
155,3,7
155,3,4
155,1,5
155,2,4
155,4,5
155,1,8
155,4,10
155,3,1
155,2,7
155,1,5
155,5,2
155,5,3
156,2,4
156,1,7
156,4,4
156,3,8
156,5,9
156,3,2
156,5,2
156,4,4
156,4,7
156,1,10
156,3,1
156,4,9
156,1,2
156,1,1
156,5,3
156,2,10
156,5,1
156,2,5
156,5,3
156,1,10
156,1,8
156,3,9
156,4,10
156,5,10
156,1,7
156,3,1
156,5,1
156,5,9
156,4,5
157,5,10
157,3,7
157,1,10
157,5,7
157,3,4
157,2,7
157,3,9
157,1,9
157,1,10
157,3,7
157,2,2
157,4,9
157,5,3
157,5,3
157,1,6
157,3,9
157,1,6
157,1,2
157,5,3
157,1,5
157,5,9
157,3,3
157,4,4
157,3,4
157,4,2
157,5,2
157,3,6
157,2,6
157,3,10
157,3,7
157,5,3
157,4,1
157,3,6
157,2,8
157,5,10
157,1,1
157,3,1
157,4,1
157,4,6
157,4,4
157,3,10
157,4,3
157,3,9
158,1,1
158,5,4
158,5,8
158,5,9
158,3,10
158,5,8
158,1,3
158,2,8
158,1,7
158,3,6
158,3,8
158,4,10
158,2,7
158,3,2
158,1,4
158,4,4
158,5,9
158,3,1
158,1,7
158,2,3
158,1,4
158,3,3
158,1,1
158,2,9
158,1,6
158,5,3
158,3,2
158,1,7
158,4,7
158,5,4
158,4,9
158,2,2
158,5,1
159,2,2
159,4,3
159,5,9
159,1,2
159,1,9
159,1,2
159,2,9
159,2,5
159,2,10
159,4,9
159,2,5
159,4,10
159,1,9
159,5,4
159,1,5
159,3,9
159,4,1
159,1,8
159,5,5
159,2,3
159,3,1
159,1,2
159,5,7
159,1,1
159,5,6
159,5,9
159,3,3
159,4,5
159,4,8
159,1,3
159,2,8
159,4,5
159,2,4
159,4,1
159,2,1
159,1,6
159,3,9
159,3,10
159,4,1
159,3,9
159,1,10
160,5,2
160,1,1
160,1,9
160,1,9
160,3,2
160,5,9
160,1,3
160,1,5
160,2,6
160,5,8
160,2,2
160,1,10
160,3,9
160,1,7
160,2,2
160,2,6
160,3,3
160,2,3
160,2,9
160,5,8
160,4,2
160,5,9
160,2,3
160,5,4
160,3,9
160,3,4
160,2,7
160,5,4
160,4,2
160,3,2
160,1,5
160,3,2
160,5,1
160,5,10
160,2,1
160,2,4
160,2,8
160,2,5
160,2,2
161,1,8
161,2,8
161,3,5
161,4,5
161,3,10
161,1,10
161,5,4
161,2,1
161,4,4
161,5,7
161,5,3
161,3,4
161,4,1
161,4,10
161,5,6
161,1,4
161,5,1
161,5,8
161,2,3
161,1,9
161,2,10
161,5,2
161,1,3
161,4,5
161,4,6
161,5,6
161,1,7
161,4,7
161,1,8
161,1,4
161,1,6
162,5,10
162,2,4
162,3,3
162,3,5
162,5,8
162,3,6
162,3,7
162,2,9
162,5,5
162,5,4
162,2,6
162,1,5
162,5,3
162,4,10
162,4,7
162,2,3
162,2,8
162,5,3
162,3,5
162,4,4
162,2,3
162,1,10
162,3,3
162,4,7
162,4,8
162,3,6
162,1,6
162,3,10
162,3,5
162,5,5
162,2,2
162,4,2
163,5,5
163,1,5
163,4,8
163,4,4
163,1,1
163,4,3
163,5,10
163,3,1
163,1,5
163,2,8
163,5,9
163,3,2
163,1,2
163,5,10
163,4,9
163,3,10
163,1,2
163,5,5
163,3,7
163,3,4
163,1,10
163,5,10
163,1,6
163,5,10
163,1,4
163,2,8
163,5,8
163,2,8
163,5,7
163,2,1
163,5,2
163,5,10
163,2,7
163,1,8
164,4,4
164,2,5
164,5,5
164,3,1
164,4,1
164,2,6
164,1,6
164,1,2
164,4,7
164,4,9
164,3,2
164,4,3
164,3,4
164,1,1
164,4,4
164,5,6
164,4,2
164,5,5
164,5,8
164,1,5
164,4,5
164,2,3
164,1,10
164,3,1
164,1,4
164,5,7
164,1,8
164,2,1
164,2,5
164,3,7
164,3,2
164,2,8
164,5,7
164,3,9
164,3,7
165,4,1
165,5,8
165,5,1
165,1,9
165,3,8
165,5,8
165,4,3
165,4,10
165,4,5
165,2,8
165,1,1
165,2,10
165,2,6
165,3,7
165,4,7
165,2,7
165,3,2
165,5,5
165,3,8
165,5,5
165,4,2
165,4,4
165,5,3
165,1,2
165,3,9
165,2,6
165,2,7
165,2,1
165,2,6
165,5,1
165,4,3
165,1,7
165,5,5
165,2,7
165,4,5
166,3,4
166,1,5
166,3,10
166,2,7
166,1,7
166,2,8
166,4,5
166,5,4
166,1,6
166,1,9
166,5,5
166,1,6
166,4,5
166,5,10
166,5,4
166,4,2
166,3,10
166,4,4
166,4,1
166,3,8
166,4,2
166,2,3
166,3,5
166,4,8
166,1,10
166,5,6
166,1,5
166,4,4
166,4,3
167,4,7
167,2,4
167,2,4
167,5,5
167,4,9
167,3,1
167,4,9
167,2,8
167,4,5
167,2,4
167,1,8
167,4,10
167,1,9
167,4,10
167,4,5
167,4,4
167,3,7
167,4,8
167,5,3
167,1,9
167,4,9
167,3,2
167,4,1
167,5,6
167,3,4
167,3,1
167,4,2
167,3,5
167,3,1
167,2,3
167,3,9
167,2,9
167,2,1
167,5,5
167,1,6
167,3,3
167,1,5
167,4,3
167,5,6
167,5,7
168,5,1
168,5,5
168,4,8
168,5,6
168,4,3
168,5,4
168,4,7
168,1,4
168,1,10
168,3,1
168,4,7
168,4,8
168,4,7
168,4,10
168,1,2
168,2,9
168,2,5
168,2,10
168,1,6
168,5,10
168,3,9
168,1,4
168,2,6
168,5,1
168,4,4
168,3,1
168,3,9
168,5,9
168,3,8
168,2,3
168,5,5
168,4,2
168,1,6
168,5,7
168,4,2
168,2,8
168,3,5
168,5,5
168,4,5
168,5,2
168,3,9
168,4,8
168,3,4
169,2,6
169,1,3
169,3,5
169,5,2
169,4,9
169,5,8
169,5,2
169,2,6
169,2,10
169,5,6
169,4,5
169,1,1
169,3,2
169,3,6
169,4,3
169,1,6
169,5,7
169,1,1
169,1,5
169,1,10
169,3,10
169,5,2
169,1,9
169,5,2
169,1,8
169,5,1
169,2,7
169,4,2
169,4,3
169,5,3
169,3,7
170,3,7
170,1,1
170,1,3
170,4,8
170,4,8
170,1,2
170,4,8
170,2,4
170,4,5
170,2,7
170,3,2
170,4,10
170,2,9
170,4,8
170,2,7
170,2,5
170,1,2
170,5,1
170,1,6
170,3,8
170,2,7
170,2,5
170,2,8
170,5,8
170,2,4
170,5,7
170,1,9
170,1,9
170,4,2
170,3,5
170,3,7
170,3,6
170,4,3
170,3,9
170,5,8
170,2,9
170,2,6
170,1,9
170,5,7
170,1,3
170,1,10
171,4,2
171,2,10
171,1,4
171,4,10
171,3,5
171,2,3
171,5,5
171,4,9
171,5,5
171,4,5
171,1,10
171,3,5
171,5,10
171,3,3
171,3,8
171,4,2
171,4,5
171,3,5
171,2,5
171,5,7
171,1,5
171,1,2
171,4,1
171,3,8
171,4,9
171,1,7
171,2,8
171,3,4
171,2,5
171,1,2
171,2,1
171,5,1
172,2,3
172,5,8
172,1,4
172,5,8
172,2,10
172,3,4
172,2,3
172,2,2
172,3,4
172,4,7
172,5,1
172,3,3
172,2,7
172,4,5
172,3,3
172,3,9
172,1,6
172,3,6
172,4,7
172,2,10
172,5,7
172,2,2
172,3,3
172,3,1
172,3,1
172,2,3
172,3,5
172,2,6
172,4,5
172,4,2
172,3,2
173,3,1
173,2,10
173,1,4
173,5,2
173,2,7
173,4,6
173,3,2
173,3,1
173,1,7
173,2,9
173,5,9
173,2,3
173,5,9
173,2,3
173,3,10
173,4,9
173,4,6
173,2,10
173,2,4
173,3,10
173,1,5
173,3,8
173,5,3
173,1,1
173,2,1
173,5,3
173,1,9
173,4,9
173,4,2
173,4,10
173,1,9
173,1,10
173,4,7
173,1,2
173,1,7
173,2,10
173,1,7
173,1,8
174,2,7
174,2,6
174,2,3
174,5,6
174,2,1
174,3,5
174,1,4
174,2,10
174,3,3
174,5,6
174,5,4
174,2,1
174,2,7
174,5,8
174,3,7
174,1,7
174,5,10
174,1,4
174,3,1
174,4,6
174,1,10
174,1,3
174,3,7
174,4,8
174,3,5
174,1,10
174,5,1
174,3,1
174,2,4
174,4,9
174,2,3
174,5,3
174,1,8
174,5,9
175,5,1
175,2,2
175,2,4
175,3,1
175,4,5
175,3,4
175,4,4
175,4,1
175,3,4
175,1,3
175,1,5
175,1,3
175,2,4
175,5,1
175,2,9
175,2,3
175,4,1
175,5,3
175,3,5
175,2,7
175,3,2
175,5,2
175,5,8
175,5,2
175,5,10
175,5,10
175,3,4
175,3,10
175,4,3
175,1,4
175,3,6
175,1,8
175,3,1
175,2,4
175,4,4
175,3,7
176,5,2
176,4,1
176,1,4
176,3,4
176,4,8
176,3,2
176,5,8
176,4,6
176,1,8
176,5,1
176,3,10
176,4,1
176,5,9
176,5,3
176,1,4
176,1,5
176,1,5
176,5,10
176,2,9
176,1,6
176,5,2
176,1,3
176,3,6
176,5,2
176,5,3
176,2,4
176,1,7
176,1,2
176,5,9
176,1,4
177,1,5
177,4,9
177,5,8
177,4,10
177,3,3
177,1,10
177,4,1
177,4,8
177,2,10
177,4,10
177,3,9
177,1,4
177,5,4
177,4,4
177,3,3
177,5,3
177,4,1
177,3,1
177,3,10
177,1,10
177,4,4
177,5,4
177,4,10
177,5,1
177,5,4
177,1,9
177,3,1
177,3,4
177,2,10
178,5,1
178,2,2
178,4,8
178,4,2
178,1,7
178,3,5
178,3,9
178,3,3
178,2,8
178,1,2
178,5,3
178,3,4
178,1,6
178,3,9
178,4,1
178,5,3
178,1,10
178,4,9
178,5,1
178,3,4
178,3,9
178,3,9
178,1,6
178,1,8
178,4,9
178,2,6
178,1,4
178,5,5
178,5,4
178,5,1
178,3,10
178,4,9
178,4,7
178,2,4
178,3,5
178,4,9
178,1,4
178,1,4
179,1,9
179,4,2
179,1,4
179,1,5
179,3,7
179,5,7
179,1,7
179,2,1
179,2,5
179,4,2
179,3,9
179,3,10
179,5,5
179,2,10
179,4,5
179,2,8
179,4,4
179,5,5
179,1,7
179,4,10
179,2,10
179,3,8
179,3,9
179,5,2
179,5,4
179,4,3
179,1,9
179,5,5
179,1,10
179,1,6
179,5,6
179,2,4
179,4,3
179,5,3
179,2,8
179,1,9
179,1,9
179,5,5
179,5,8
179,4,8
179,4,4
179,2,5
180,4,2
180,3,6
180,3,1
180,5,2
180,4,1
180,1,1
180,4,7
180,5,9
180,1,10
180,2,1
180,1,2
180,3,6
180,3,8
180,4,9
180,1,9
180,1,4
180,3,5
180,5,8
180,1,9
180,2,3
180,3,3
180,1,2
180,3,7
180,1,9
180,3,9
181,5,6
181,3,8
181,4,3
181,2,6
181,1,8
181,3,3
181,1,5
181,3,3
181,5,2
181,5,3
181,5,9
181,4,5
181,1,7
181,4,9
181,4,5
181,1,6
181,2,9
181,4,5
181,2,8
181,2,6
181,4,1
181,2,6
181,1,2
181,5,3
181,4,6
181,3,7
181,5,3
181,1,2
181,4,1
181,2,4
181,2,10
181,1,7
181,4,6
181,5,3
181,3,10
181,1,8
181,2,9
182,2,1
182,1,9
182,5,7
182,1,6
182,4,7
182,3,6
182,3,9
182,3,4
182,2,5
182,4,8
182,1,2
182,4,10
182,2,2
182,1,6
182,3,7
182,2,6
182,5,4
182,1,2
182,5,2
182,1,7
182,4,9
182,3,8
182,2,5
182,3,2
182,5,8
182,4,7
182,4,9
182,5,2
182,3,10
182,2,3
182,3,8
182,4,9
182,2,7
182,3,3
182,4,3
182,1,9
182,1,9
183,2,2
183,5,8
183,3,4
183,2,10
183,4,5
183,4,4
183,3,1
183,3,10
183,1,10
183,4,1
183,1,8
183,3,4
183,2,7
183,1,1
183,1,7
183,1,8
183,3,7
183,3,7
183,3,5
183,1,2
183,4,7
183,1,6
183,1,3
183,5,4
183,2,9
183,5,10
183,2,7
183,4,5
184,3,7
184,1,1
184,4,3
184,5,1
184,2,8
184,3,8
184,2,7
184,4,8
184,5,8
184,2,6
184,5,10
184,5,8
184,1,6
184,4,5
184,3,5
184,5,3
184,3,4
184,4,3
184,1,10
184,3,4
184,2,6
184,1,10
184,3,10
184,1,2
184,2,7
184,3,2
184,2,4
184,3,3
184,2,5
184,3,4
184,4,7
184,4,8
184,2,3
184,5,6
184,3,6
184,4,7
184,4,7
184,5,2
184,3,10
184,2,3
184,3,10
184,1,1
184,3,7
184,2,1
185,2,8
185,4,1
185,2,4
185,3,3
185,4,6
185,1,10
185,1,4
185,5,9
185,3,5
185,3,7
185,4,10
185,4,9
185,3,5
185,5,1
185,4,9
185,5,5
185,1,4
185,2,10
185,2,6
185,1,1
185,2,2
185,1,7
185,1,10
185,2,6
185,3,1
185,5,6
185,3,6
185,4,10
185,2,1
185,3,10
185,5,9
185,2,6
185,4,1
185,4,8
186,1,9
186,5,10
186,4,2
186,4,9
186,5,6
186,1,4
186,5,4
186,1,8
186,3,7
186,5,5
186,4,6
186,4,8
186,2,4
186,4,9
186,4,5
186,3,7
186,5,9
186,4,3
186,4,9
186,4,3
186,4,5
186,2,1
186,5,7
186,2,8
186,2,3
186,1,10
186,3,9
186,1,3
186,3,1
186,3,4
187,4,4
187,3,6
187,1,7
187,3,8
187,4,1
187,5,3
187,2,7
187,5,4
187,1,8
187,3,10
187,2,4
187,2,6
187,3,3
187,1,2
187,2,7
187,3,10
187,2,7
187,5,1
187,3,2
187,1,3
187,2,7
187,1,9
187,3,6
187,3,2
187,2,10
187,3,6
187,5,7
187,2,1
187,3,5
187,2,7
187,4,6
187,2,8
187,4,2
187,3,6
187,3,9
187,5,2
187,3,4
187,5,9
187,5,2
188,4,9
188,5,1
188,1,3
188,3,8
188,1,2
188,1,9
188,2,10
188,5,10
188,1,4
188,3,8
188,1,3
188,4,8
188,3,8
188,2,1
188,3,1
188,1,3
188,1,1
188,4,7
188,1,5
188,4,7
188,2,6
188,3,1
188,3,10
188,4,6
188,1,2
188,4,10
188,2,8
188,1,3
188,1,4
189,5,8
189,5,8
189,4,10
189,5,3
189,3,7
189,2,5
189,5,6
189,3,7
189,3,7
189,5,6
189,5,5
189,2,1
189,3,1
189,1,4
189,4,6
189,1,9
189,2,7
189,3,6
189,3,3
189,4,9
189,5,2
189,5,7
189,3,2
189,2,3
189,4,6
189,1,10
189,2,9
189,1,9
189,5,5
189,1,9
189,3,8
189,4,7
189,5,10
189,4,7
190,3,6
190,4,4
190,5,10
190,5,10
190,5,6
190,3,3
190,4,1
190,5,10
190,4,8
190,2,4
190,4,3
190,5,4
190,2,3
190,2,8
190,2,4
190,2,6
190,5,1
190,1,4
190,3,10
190,1,6
190,3,1
190,2,6
190,5,1
190,1,4
190,1,5
190,5,6
190,3,5
190,1,1
190,1,8
190,4,6
190,1,4
191,5,6
191,3,4
191,1,9
191,2,4
191,5,2
191,5,9
191,1,1
191,4,3
191,1,4
191,5,7
191,3,5
191,4,4
191,2,1
191,5,7
191,2,1
191,3,7
191,2,6
191,1,10
191,1,2
191,1,6
191,5,7
191,3,4
191,4,7
191,2,9
191,4,9
191,3,2
191,3,2
192,2,2
192,3,1
192,3,2
192,2,10
192,1,10
192,1,5
192,1,7
192,5,9
192,5,1
192,4,4
192,4,5
192,4,3
192,1,7
192,2,2
192,1,2
192,1,9
192,2,10
192,1,1
192,3,4
192,5,4
192,1,2
192,3,4
192,4,2
192,5,3
192,5,6
192,5,7
192,2,7
192,4,1
192,2,6
192,4,8
192,2,9
192,4,7
192,3,9
192,3,4
192,5,1
192,1,10
193,1,6
193,5,5
193,4,9
193,2,7
193,2,5
193,1,7
193,2,7
193,3,4
193,2,1
193,1,8
193,5,8
193,4,10
193,2,2
193,1,9
193,1,1
193,4,2
193,1,5
193,2,3
193,4,7
193,3,9
193,4,8
193,3,8
193,4,3
193,2,4
193,2,7
193,5,10
193,5,9
193,3,10
193,5,7
193,2,10
193,3,3
193,4,10
194,5,10
194,5,4
194,4,5
194,2,9
194,4,2
194,3,3
194,1,8
194,3,5
194,5,6
194,5,10
194,4,5
194,1,7
194,1,10
194,1,9
194,1,6
194,4,1
194,1,2
194,2,3
194,5,9
194,1,3
194,5,6
194,4,1
194,3,1
194,3,1
194,4,4
194,1,1
194,1,7
194,5,9
194,2,10
194,2,9
194,5,6
194,5,10
194,1,5
194,5,4
194,2,1
194,1,9
194,2,5
194,4,10
194,1,7
194,5,2
195,3,1
195,3,3
195,1,2
195,2,2
195,4,5
195,2,1
195,3,1
195,2,7
195,3,10
195,3,10
195,4,5
195,4,7
195,3,9
195,3,7
195,5,8
195,4,9
195,3,1
195,1,8
195,3,1
195,4,1
195,1,8
195,2,5
195,5,4
195,1,1
195,1,8
195,1,7
195,4,4
195,1,3
195,1,5
195,5,3
195,1,7
195,4,6
195,4,9
195,5,6
195,5,9
195,2,9
195,5,4
195,2,6
195,2,7
195,3,10
196,3,10
196,2,7
196,2,5
196,3,4
196,5,4
196,3,7
196,5,9
196,3,3
196,4,2
196,2,6
196,5,6
196,2,4
196,4,9
196,5,4
196,2,9
196,1,3
196,5,4
196,2,5
196,5,7
196,1,6
196,5,4
196,5,5
196,2,1
196,4,4
196,1,5
196,2,1
196,2,9
196,1,1
196,4,5
196,1,8
197,4,8
197,1,6
197,1,1
197,4,5
197,3,4
197,3,4
197,5,8
197,2,10
197,5,3
197,1,6
197,3,6
197,2,3
197,3,5
197,1,5
197,2,8
197,5,3
197,1,5
197,5,9
197,5,1
197,4,2
197,5,2
197,4,9
197,3,8
197,2,7
197,4,3
197,5,9
198,5,4
198,1,7
198,2,10
198,3,6
198,3,1
198,4,9
198,4,4
198,3,9
198,2,5
198,3,2
198,5,1
198,2,4
198,2,9
198,3,5
198,5,5
198,4,2
198,3,9
198,3,5
198,3,1
198,2,2
198,3,5
198,5,10
198,2,2
198,1,7
198,1,5
198,2,5
198,1,7
198,1,9
198,2,8
198,3,5
198,3,4
198,3,8
198,4,6
198,3,6
198,1,10
198,5,7
198,2,9
198,1,6
198,5,9
198,4,9
198,4,7
199,4,2
199,3,9
199,5,10
199,4,1
199,3,1
199,2,1
199,3,3
199,3,8
199,3,4
199,2,6
199,4,10
199,3,2
199,5,10
199,1,2
199,2,2
199,4,5
199,1,3
199,5,7
199,2,10
199,3,3
199,2,9
199,4,1
199,3,4
199,3,7
199,3,2
199,4,1
199,1,9
199,1,3
199,1,6
199,4,4
200,3,4
200,5,4
200,2,3
200,2,3
200,1,1
200,1,5
200,2,9
200,2,8
200,2,6
200,1,3
200,2,4
200,3,1
200,4,10
200,4,6
200,4,3
200,1,1
200,3,7
200,1,1
200,3,5
200,4,10
200,4,4
200,2,8
200,1,5
200,5,5
200,2,3
200,5,5
200,4,3
200,1,6
200,2,1
200,3,7
200,5,4
200,1,4
200,5,6
200,4,6
200,5,5
200,2,5
200,4,8
200,3,2
200,2,4
201,5,7
201,5,10
201,5,10
201,3,5
201,3,3
201,3,8
201,4,6
201,3,10
201,3,2
201,2,7
201,3,9
201,3,3
201,2,7
201,2,3
201,2,3
201,3,2
201,5,5
201,5,5
201,2,10
201,4,1
201,5,5
201,1,8
201,2,5
201,2,3
201,5,6
201,2,3
201,2,4
201,3,1
201,5,6
201,1,10
201,4,9
201,4,3
201,2,7
201,5,5
201,1,8
201,3,9
202,2,7
202,4,3
202,4,10
202,5,1
202,4,4
202,1,1
202,5,6
202,2,6
202,4,7
202,4,10
202,1,9
202,4,9
202,3,1
202,4,6
202,1,6
202,5,7
202,2,3
202,2,4
202,5,8
202,3,1
202,1,7
202,5,8
202,1,10
202,5,6
202,1,6
202,5,7
202,5,5
202,3,5
202,1,8
202,2,9
202,4,4
202,2,2
202,5,1
202,5,8
202,2,6
203,1,3
203,4,1
203,3,10
203,5,10
203,1,7
203,3,2
203,3,7
203,2,4
203,2,3
203,5,2
203,5,6
203,2,1
203,4,7
203,5,8
203,3,9
203,2,10
203,1,4
203,2,3
203,5,1
203,2,10
203,2,8
203,3,5
203,5,5
203,3,5
203,4,1
203,3,3
203,2,9
203,4,3
203,2,7
203,2,9
204,3,2
204,3,1
204,4,8
204,2,8
204,2,10
204,3,3
204,4,6
204,2,3
204,5,2
204,2,7
204,4,5
204,5,8
204,1,8
204,3,2
204,3,6
204,3,8
204,5,8
204,1,9
204,3,6
204,3,1
204,1,4
204,4,6
204,5,2
204,3,2
204,1,9
204,1,8
204,5,4
204,1,9
204,4,1
204,2,6
204,4,9
204,2,1
204,4,8
204,5,8
204,2,6
204,3,1
204,3,3
205,4,7
205,3,6
205,2,8
205,5,3
205,3,1
205,3,10
205,2,9
205,2,6
205,4,9
205,3,6
205,3,1
205,4,8
205,2,9
205,2,2
205,5,2
205,4,7
205,1,9
205,4,6
205,2,6
205,1,8
205,5,1
205,4,5
205,5,10
205,4,3
205,4,10
206,4,3
206,1,3
206,2,10
206,4,2
206,1,8
206,5,8
206,3,1
206,1,10
206,1,7
206,1,4
206,2,5
206,3,8
206,3,8
206,5,6
206,5,10
206,4,7
206,3,7
206,4,4
206,2,9
206,3,5
206,5,10
206,3,3
206,5,2
206,2,10
206,2,7
206,1,2
206,1,3
206,5,6
206,3,9
206,1,1
206,2,1
206,3,9
206,5,9
206,5,1
206,4,8
206,4,2
206,4,8
206,5,6
206,1,9
206,3,3
207,4,5
207,5,9
207,2,6
207,5,6
207,4,5
207,3,10
207,5,2
207,5,9
207,3,8
207,2,4
207,2,8
207,1,3
207,3,9
207,1,8
207,5,6
207,2,5
207,4,4
207,4,9
207,1,6
207,2,5
207,2,3
207,2,1
207,5,1
207,3,1
207,1,5
207,2,1
207,5,2
207,4,3
208,1,7
208,4,6
208,1,2
208,4,3
208,5,5
208,4,5
208,4,2
208,1,6
208,4,6
208,5,8
208,1,3
208,3,5
208,3,4
208,4,2
208,4,7
208,2,4
208,1,3
208,2,4
208,4,5
208,5,1
208,1,9
208,5,7
208,4,8
208,2,6
208,4,8
208,1,10
208,1,1
208,4,9
208,5,5
208,2,7
208,4,8
208,4,9
208,5,3
208,3,6
208,5,3
208,4,10
208,4,3
208,4,7
209,4,3
209,5,10
209,4,10
209,5,9
209,5,7
209,5,1
209,5,7
209,1,8
209,5,4
209,4,2
209,2,9
209,1,5
209,1,7
209,2,2
209,1,10
209,4,9
209,3,6
209,4,2
209,1,9
209,1,5
209,3,1
209,1,6
209,3,9
209,5,5
209,1,3
209,4,6
209,1,5
209,5,5
209,4,7
210,3,10
210,1,5
210,4,7
210,1,9
210,3,2
210,1,2
210,4,8
210,3,9
210,1,2
210,2,7
210,3,9
210,1,8
210,4,8
210,2,2
210,1,1
210,2,8
210,4,7
210,5,9
210,3,1
210,1,8
210,5,3
210,5,6
210,4,2
210,2,10
210,2,8
210,3,5
210,2,7
210,3,1
210,3,1
210,1,3
210,5,3
210,3,6
211,4,9
211,1,2
211,5,5
211,3,6
211,2,6
211,3,4
211,2,7
211,2,6
211,2,8
211,3,5
211,2,5
211,2,5
211,4,7
211,4,1
211,4,3
211,4,2
211,2,2
211,2,7
211,5,8
211,2,8
211,5,9
211,2,5
211,4,10
211,5,6
211,1,5
211,5,5
211,3,4
211,2,9
212,3,9
212,4,2
212,1,3
212,3,10
212,4,9
212,5,4
212,3,8
212,4,1
212,4,8
212,1,6
212,4,7
212,5,2
212,1,6
212,3,6
212,1,10
212,4,8
212,3,1
212,3,2
212,5,9
212,4,5
212,3,4
212,3,1
212,1,3
212,1,1
212,3,3
212,3,8
212,4,6
212,1,4
212,5,5
212,3,10
212,5,2
212,1,5
212,4,2
212,1,9
212,1,5
212,5,3
212,5,9
212,4,3
213,5,9
213,2,2
213,3,9
213,3,6
213,1,6
213,5,6
213,5,7
213,3,8
213,4,2
213,4,2
213,2,2
213,3,5
213,4,8
213,5,5
213,5,10
213,4,3
213,2,6
213,3,2
213,2,9
213,4,1
213,5,8
213,2,1
213,3,8
213,5,7
213,1,8
213,2,10
213,1,10
213,2,3
213,2,6
213,2,1
214,5,4
214,1,3
214,3,6
214,2,8
214,4,2
214,1,6
214,1,10
214,5,3
214,4,6
214,3,6
214,3,3
214,2,5
214,2,7
214,2,9
214,3,3
214,4,6
214,3,8
214,5,6
214,5,7
214,3,7
214,2,1
214,3,7
214,5,4
214,3,6
214,4,5
214,3,2
214,5,1
214,3,5
214,5,8
214,2,9
214,2,2
214,4,4
214,3,7
215,2,5
215,2,8
215,3,3
215,4,5
215,2,7
215,4,1
215,3,9
215,4,1
215,5,6
215,3,8
215,2,9
215,5,7
215,4,10
215,2,6
215,1,5
215,5,10
215,2,7
215,2,1
215,3,9
215,5,3
215,1,8
215,3,4
215,5,4
215,1,5
215,4,2
215,2,8
215,4,1
215,3,2
215,4,10
215,4,2
215,2,5
216,4,1
216,5,8
216,2,4
216,3,10
216,2,4
216,5,6
216,3,8
216,2,2
216,5,3
216,2,9
216,4,10
216,5,6
216,4,3
216,3,5
216,5,4
216,4,8
216,5,1
216,4,7
216,1,3
216,2,9
216,1,3
216,4,1
216,1,9
216,1,2
216,4,7
216,4,9
216,3,8
216,1,5
216,4,5
216,2,3
216,1,10
216,4,10
216,5,5
216,1,7
216,3,10
217,3,8
217,4,3
217,2,10
217,5,6
217,1,4
217,4,10
217,3,2
217,2,8
217,2,4
217,2,5
217,5,2
217,4,10
217,3,3
217,1,5
217,5,3
217,3,8
217,1,7
217,4,2
217,3,2
217,1,5
217,2,10
217,1,6
217,2,7
217,2,4
217,3,10
217,1,2
217,5,4
217,5,4
217,3,2
217,1,1
217,1,6
218,2,8
218,3,4
218,4,10
218,3,7
218,1,6
218,5,8
218,1,9
218,4,6
218,3,5
218,4,1
218,1,2
218,1,1
218,3,5
218,1,6
218,2,10
218,1,5
218,5,5
218,2,8
218,5,9
218,4,4
218,4,6
218,1,1
218,5,8
218,2,5
218,1,10
218,4,5
218,1,4
218,2,2
218,1,3
219,4,10
219,2,5
219,5,1
219,1,8
219,4,7
219,3,5
219,1,4
219,2,2
219,5,3
219,3,6
219,4,9
219,1,5
219,2,1
219,3,1
219,2,4
219,1,1
219,1,5
219,3,3
219,2,9
219,5,6
219,5,5
219,3,9
219,3,2
219,2,4
219,2,6
219,3,5
219,4,5
219,5,8
219,5,2
220,2,6
220,3,9
220,2,3
220,4,8
220,4,4
220,1,3
220,1,6
220,3,4
220,1,4
220,4,9
220,3,3
220,2,4
220,5,4
220,1,8
220,5,2
220,2,2
220,2,9
220,1,6
220,2,7
220,1,10
220,1,1
220,3,1
220,1,4
220,5,3
220,5,4
220,3,9
220,4,3
220,1,8
220,2,8
220,3,8
221,4,3
221,1,1
221,3,1
221,3,5
221,3,9
221,3,3
221,1,2
221,3,1
221,4,6
221,4,10
221,2,8
221,5,5
221,4,9
221,1,8
221,4,4
221,4,10
221,2,7
221,1,10
221,1,1
221,3,9
221,5,10
221,2,6
221,5,10
221,4,1
221,1,7
221,2,6
221,2,7
221,4,6
222,5,9
222,5,9
222,2,4
222,3,2
222,5,8
222,1,6
222,5,2
222,2,1
222,4,8
222,3,6
222,1,10
222,4,9
222,4,3
222,4,2
222,5,9
222,4,4
222,2,6
222,1,4
222,2,6
222,3,4
222,4,8
222,1,1
222,2,7
222,4,1
222,1,9
222,4,9
222,4,8
222,1,1
222,2,2
222,1,10
222,5,5
222,2,9
222,1,1
222,2,6
222,4,10
223,5,9
223,5,8
223,1,6
223,3,3
223,3,6
223,2,6
223,1,2
223,5,4
223,5,9
223,1,8
223,4,9
223,4,5
223,5,7
223,2,9
223,2,8
223,1,2
223,5,5
223,3,9
223,2,5
223,1,3
223,2,10
223,4,6
223,3,10
223,4,4
223,4,4
223,1,4
223,2,1
223,5,2
223,2,2
223,4,2
223,3,6
223,3,6
223,5,3
223,3,6
223,1,9
223,4,1
224,4,3
224,5,1
224,5,3
224,3,6
224,4,7
224,4,9
224,5,10
224,4,3
224,1,8
224,1,9
224,5,6
224,4,2
224,3,10
224,4,3
224,2,8
224,3,4
224,1,5
224,4,2
224,5,5
224,2,5
224,3,5
224,5,9
224,1,8
224,2,6
224,2,3
224,3,3
224,3,3
224,3,8
224,3,7
224,1,9
224,5,9
224,3,3
224,3,10
224,2,10
224,3,2
224,4,2
224,1,3
225,2,3
225,4,6
225,3,4
225,4,1
225,1,7
225,4,9
225,2,9
225,5,5
225,5,9
225,3,10
225,5,6
225,3,7
225,5,7
225,2,9
225,2,8
225,3,3
225,3,2
225,3,8
225,3,9
225,3,7
225,1,5
225,3,4
225,2,8
225,3,2
225,2,6
225,5,2
225,3,7
225,4,6
225,5,9
225,5,6
226,1,7
226,5,2
226,5,6
226,1,10
226,5,1
226,4,7
226,3,6
226,1,7
226,1,5
226,5,8
226,5,3
226,3,10
226,2,3
226,3,2
226,4,6
226,2,5
226,4,9
226,4,1
226,1,7
226,5,4
226,5,10
226,2,7
226,2,2
226,2,2
226,2,6
226,5,8
226,4,6
226,5,6
226,4,5
226,2,3
226,3,10
226,4,5
226,4,8
226,1,1
226,4,3
227,3,6
227,3,4
227,4,2
227,2,6
227,1,2
227,1,7
227,4,10
227,1,2
227,5,8
227,1,9
227,2,1
227,3,6
227,3,2
227,5,2
227,4,6
227,1,9
227,3,5
227,3,1
227,4,9
227,2,1
227,1,7
227,4,10
227,4,10
227,2,5
227,1,6
227,1,7
227,4,2
227,4,6
227,2,2
227,5,6
227,5,2
227,4,9
227,4,1
227,5,8
227,3,8
227,1,6
227,4,2
227,5,9
227,4,6
227,4,6
227,3,4
227,4,4
227,5,6
228,2,8
228,5,1
228,2,1
228,4,3
228,3,9
228,1,2
228,5,2
228,3,5
228,3,3
228,3,1
228,1,7
228,3,7
228,3,10
228,5,4
228,4,7
228,5,10
228,3,4
228,5,5
228,2,5
228,4,10
228,3,5
228,2,8
228,5,9
228,2,9
228,3,10
228,5,2
228,5,5
228,1,3
228,4,2
228,3,6
228,2,9
228,1,3
228,5,8
228,4,8
228,2,8
228,5,10
228,2,3
228,3,10
229,3,7
229,3,5
229,2,4
229,3,3
229,1,6
229,3,5
229,1,4
229,5,10
229,2,6
229,2,1
229,4,6
229,1,10
229,2,5
229,1,5
229,5,10
229,1,8
229,3,2
229,4,6
229,2,4
229,4,7
229,4,4
229,4,8
229,5,4
229,5,6
229,4,3
229,3,6
229,1,7
229,4,2
229,1,1
229,2,7
229,2,7
230,5,7
230,1,7
230,2,4
230,2,9
230,5,2
230,1,8
230,4,6
230,1,1
230,5,9
230,5,8
230,4,3
230,3,10
230,5,1
230,3,1
230,2,8
230,1,1
230,5,2
230,4,5
230,2,10
230,3,6
230,1,1
230,5,1
230,4,5
230,4,10
230,4,6
230,4,9
230,1,2
230,1,9
230,2,5
230,2,10
230,1,2
230,2,10
230,1,2
230,3,3
230,4,8
230,5,4
230,1,8
230,5,4
230,4,6
230,5,6
230,4,4
231,4,10
231,4,1
231,5,5
231,1,2
231,4,6
231,1,6
231,2,1
231,5,2
231,3,9
231,3,9
231,1,1
231,2,6
231,3,4
231,1,1
231,4,7
231,5,5
231,2,6
231,3,8
231,4,9
231,3,5
231,1,10
231,5,10
231,5,2
231,1,3
231,3,4
231,1,6
231,3,1
231,4,6
231,2,7
231,3,6
231,5,4
231,4,4
231,1,7
231,1,9
231,3,9
231,3,10
232,2,10
232,3,9
232,2,4
232,3,7
232,5,10
232,3,6
232,2,10
232,1,4
232,2,10
232,5,9
232,5,10
232,1,1
232,2,8
232,1,9
232,5,9
232,5,10
232,1,4
232,2,5
232,5,7
232,5,9
232,1,8
232,3,4
232,5,5
232,4,7
232,3,2
232,1,9
232,2,10
232,1,9
232,4,6
233,4,9
233,1,8
233,3,4
233,4,8
233,1,3
233,5,5
233,5,2
233,3,10
233,4,2
233,5,5
233,3,1
233,5,10
233,3,6
233,5,5
233,4,3
233,1,5
233,3,10
233,1,9
233,3,4
233,5,9
233,1,10
233,1,7
233,1,7
233,1,5
233,3,1
233,4,5
233,3,8
233,5,2
233,3,6
233,5,9
233,4,1
233,2,1
234,4,8
234,2,8
234,4,4
234,5,7
234,2,4
234,4,6
234,4,6
234,4,8
234,1,1
234,2,3
234,5,3
234,5,5
234,1,10
234,4,2
234,2,7
234,4,5
234,5,6
234,1,10
234,1,10
234,1,3
234,1,10
234,5,6
234,3,4
234,4,6
234,4,1
234,3,9
234,2,10
234,5,1
234,1,4
234,3,3
234,1,4
234,2,4
234,2,6
234,1,7
234,1,3
234,4,2
234,4,2
235,1,2
235,4,9
235,1,5
235,3,10
235,1,5
235,2,3
235,2,8
235,1,9
235,4,10
235,4,8
235,4,5
235,4,10
235,5,10
235,4,9
235,5,9
235,1,10
235,1,8
235,2,10
235,4,5
235,1,4
235,3,1
235,4,8
235,5,5
235,3,8
235,4,6
235,3,8
235,5,6
235,5,6
235,4,2
235,1,3
235,5,9
235,4,4
235,2,10
236,5,5
236,2,2
236,1,6
236,4,8
236,1,10
236,2,3
236,1,6
236,2,9
236,2,7
236,1,4
236,4,5
236,4,4
236,4,10
236,1,9
236,3,5
236,3,8
236,3,10
236,5,6
236,1,9
236,5,10
236,4,2
236,1,2
236,4,9
236,4,7
236,5,3
237,1,6
237,5,3
237,1,1
237,4,3
237,4,4
237,4,2
237,3,9
237,2,6
237,3,10
237,1,10
237,3,4
237,2,5
237,1,1
237,4,3
237,5,10
237,5,8
237,4,1
237,4,9
237,3,3
237,2,10
237,5,9
237,2,9
237,1,8
237,4,1
237,1,2
237,1,6
237,4,2
237,1,6
237,1,7
237,2,2
237,3,10
238,1,9
238,3,7
238,3,9
238,5,9
238,1,7
238,1,2
238,1,2
238,5,3
238,5,10
238,3,6
238,5,6
238,3,2
238,5,4
238,4,7
238,3,8
238,1,3
238,5,3
238,5,6
238,4,10
238,5,4
238,3,4
238,4,7
238,4,9
238,1,3
238,1,5
238,2,1
238,3,2
238,5,2
238,4,3
238,2,8
238,4,3
239,5,5
239,2,6
239,1,1
239,5,10
239,3,7
239,2,5
239,5,3
239,5,9
239,2,5
239,5,6
239,5,8
239,5,4
239,3,8
239,1,10
239,1,10
239,3,8
239,1,2
239,3,4
239,2,7
239,3,5
239,4,6
239,2,10
239,2,1
239,4,2
239,5,7
239,1,7
239,4,3
239,4,2
239,2,3
239,3,7
239,3,7
239,5,4
239,3,1
239,5,3
239,1,7
239,3,3
240,3,3
240,3,9
240,3,9
240,1,3
240,3,4
240,4,9
240,5,9
240,4,7
240,2,4
240,4,7
240,3,3
240,3,9
240,3,10
240,5,4
240,2,1
240,4,4
240,5,8
240,1,4
240,2,1
240,2,10
240,1,1
240,4,2
240,4,6
240,2,7
240,1,5
240,5,6
240,1,9
240,3,1
240,5,9
240,2,5
240,4,5
240,1,8
240,4,3
240,3,10
240,3,2
241,5,9
241,4,6
241,5,1
241,3,8
241,4,10
241,2,7
241,3,9
241,2,3
241,5,1
241,4,8
241,1,4
241,3,10
241,1,5
241,5,7
241,3,6
241,2,5
241,5,10
241,3,2
241,1,4
241,3,4
241,1,3
241,2,6
241,5,4
241,1,5
242,5,1
242,2,4
242,5,7
242,4,4
242,5,10
242,4,7
242,1,4
242,2,7
242,1,3
242,3,1
242,5,3
242,2,6
242,2,9
242,3,8
242,3,1
242,3,3
242,4,4
242,4,8
242,4,4
242,5,7
242,5,10
242,2,9
242,5,9
242,1,4
242,4,5
242,3,8
242,1,6
242,2,8
242,3,3
242,4,2
242,4,4
242,4,4
242,5,7
242,3,10
242,5,6
242,4,5
242,5,6
242,2,5
242,4,7
242,1,5
242,5,2
242,4,9
242,5,3
242,5,1
243,3,7
243,2,10
243,5,2
243,1,9
243,3,10
243,4,9
243,4,9
243,4,9
243,5,7
243,1,5
243,5,10
243,1,10
243,1,6
243,1,3
243,2,6
243,1,5
243,5,1
243,5,8
243,5,3
243,1,7
243,2,3
243,1,8
243,3,9
243,4,1
243,1,5
243,4,8
243,3,7
243,4,8
243,1,1
243,5,5
243,4,10
243,5,2
244,3,4
244,5,4
244,1,6
244,2,3
244,3,9
244,3,1
244,5,2
244,3,2
244,5,3
244,4,8
244,1,8
244,4,6
244,2,7
244,1,8
244,2,10
244,3,10
244,4,5
244,1,1
244,4,1
244,4,8
244,5,7
244,1,8
244,3,1
244,4,10
244,5,1
244,3,6
244,4,2
244,4,2
244,2,6
244,1,8
244,2,5
244,3,7
244,3,7
245,1,6
245,2,3
245,5,4
245,2,10
245,3,6
245,1,1
245,1,3
245,1,3
245,1,8
245,5,6
245,5,4
245,5,1
245,2,3
245,4,7
245,2,5
245,3,3
245,1,10
245,2,1
245,4,1
245,3,2
245,5,5
245,1,5
245,3,5
245,3,9
245,5,2
245,2,9
246,3,8
246,1,2
246,5,1
246,1,9
246,5,4
246,2,1
246,2,6
246,3,1
246,3,9
246,3,7
246,2,7
246,5,1
246,5,4
246,3,6
246,1,7
246,4,2
246,4,2
246,4,9
246,2,1
246,2,2
246,3,1
246,5,2
246,3,1
246,1,5
246,3,4
246,3,10
246,4,10
246,1,1
246,5,8
247,3,2
247,2,2
247,3,3
247,5,4
247,3,10
247,2,9
247,5,10
247,3,3
247,2,2
247,3,6
247,4,6
247,3,6
247,4,1
247,4,5
247,5,8
247,3,6
247,1,2
247,4,8
247,4,10
247,1,8
247,5,6
247,1,6
247,2,8
247,5,4
247,2,8
247,5,5
247,3,8
247,5,8
247,5,9
247,1,10
247,5,2
247,5,1
247,1,8
247,1,6
247,5,8
247,3,8
247,3,9
247,1,9
247,1,6
247,1,3
247,5,3
247,5,1
247,1,6
248,5,8
248,5,8
248,4,8
248,3,8
248,5,7
248,2,5
248,5,10
248,4,5
248,5,7
248,5,6
248,1,7
248,1,9
248,2,2
248,2,7
248,5,3
248,5,7
248,4,5
248,1,5
248,2,6
248,3,10
248,3,3
248,1,10
248,5,5
248,4,9
248,5,7
248,2,1
248,5,2
248,5,4
248,2,3
248,4,4
248,3,8
248,4,10
248,4,6
248,4,8
249,1,2
249,1,7
249,1,9
249,5,10
249,5,8
249,1,8
249,5,5
249,3,1
249,1,9
249,2,7
249,4,5
249,3,10
249,3,8
249,1,1
249,1,6
249,1,9
249,4,9
249,3,10
249,1,5
249,1,1
249,4,10
249,1,9
249,3,6
249,1,4
249,2,1
249,1,4
249,3,2
250,2,5
250,4,5
250,4,3
250,2,10
250,3,3
250,5,1
250,3,9
250,1,3
250,1,4
250,5,3
250,5,8
250,2,1
250,5,2
250,2,9
250,5,7
250,4,7
250,4,7
250,5,9
250,2,1
250,1,5
250,2,6
250,2,8
250,5,8
250,4,8
250,1,3
250,4,4
250,5,9
250,5,10
250,4,3
250,1,7
250,4,7
250,3,9
250,3,1
250,3,5
250,4,4
250,4,7
250,5,2
251,2,1
251,1,6
251,1,9
251,4,10
251,4,1
251,2,8
251,3,4
251,1,7
251,5,3
251,4,7
251,5,10
251,5,1
251,3,8
251,1,2
251,5,6
251,3,1
251,4,3
251,4,5
251,5,1
251,3,9
251,3,4
251,2,3
251,3,9
251,1,3
251,2,9
251,1,1
251,1,10
252,3,6
252,1,5
252,1,10
252,3,1
252,1,10
252,3,6
252,5,9
252,1,6
252,5,5
252,4,6
252,3,2
252,2,1
252,5,10
252,3,8
252,5,3
252,5,9
252,5,3
252,4,2
252,2,6
252,2,1
252,4,6
252,2,7
252,4,5
252,4,10
252,2,10
252,3,6
253,5,8
253,2,7
253,3,8
253,3,2
253,4,6
253,3,10
253,2,8
253,4,1
253,2,3
253,4,5
253,3,5
253,3,10
253,1,4
253,1,9
253,3,1
253,4,10
253,5,1
253,2,7
253,1,4
253,2,4
253,1,10
253,1,6
253,5,9
253,5,1
253,4,3
253,1,1
254,3,4
254,1,4
254,3,9
254,4,1
254,3,10
254,2,6
254,4,9
254,1,4
254,2,1
254,3,4
254,5,5
254,4,7
254,4,5
254,4,10
254,1,5
254,2,9
254,4,8
254,5,9
254,5,7
254,2,8
254,4,8
254,4,8
254,3,8
254,1,3
255,3,8
255,1,3
255,1,4
255,1,10
255,2,10
255,2,6
255,4,9
255,5,1
255,3,2
255,5,10
255,4,3
255,3,5
255,1,8
255,5,10
255,1,8
255,5,9
255,3,7
255,2,3
255,3,2
255,5,8
255,5,8
255,2,10
255,4,2
255,4,3
255,2,8
255,4,1
255,1,6
255,2,2
255,4,3
255,3,7
255,4,10
255,2,5
255,4,6
255,3,3
256,3,8
256,1,6
256,3,8
256,5,10
256,4,7
256,3,3
256,4,9
256,5,1
256,2,5
256,2,9
256,1,3
256,5,10
256,4,1
256,1,7
256,1,2
256,5,8
256,5,1
256,2,5
256,3,5
256,5,7
256,4,2
256,4,9
256,5,8
256,4,8
256,5,5
256,2,8
256,3,6
256,1,3
256,3,10
256,1,2
256,3,4
256,2,5
257,1,5
257,5,6
257,1,4
257,1,6
257,2,5
257,4,2
257,2,1
257,2,4
257,5,6
257,3,2
257,3,2
257,4,6
257,4,6
257,1,3
257,2,2
257,3,1
257,4,2
257,4,5
257,4,3
257,4,3
257,3,4
257,4,2
257,2,2
257,1,2
257,2,6
257,2,3
257,5,3
257,4,3
257,4,7
257,5,8
257,2,10
257,3,10
257,2,7
257,3,9
257,1,5
257,5,5
257,1,7
258,2,9
258,5,1
258,3,7
258,1,8
258,5,6
258,4,7
258,4,6
258,3,2
258,2,9
258,4,1
258,2,8
258,5,9
258,1,2
258,5,9
258,1,8
258,4,2
258,2,6
258,3,7
258,2,5
258,2,6
258,2,8
258,3,8
258,5,8
258,1,4
258,5,9
258,1,7
258,2,1
258,5,1
258,4,6
258,5,1
258,4,5
258,5,7
258,2,3
258,3,9
258,1,7
258,1,2
258,5,5
258,5,3
258,1,5
258,3,6
259,4,2
259,2,9
259,3,2
259,4,4
259,3,7
259,3,2
259,1,3
259,4,8
259,1,8
259,1,10
259,4,10
259,4,4
259,4,2
259,1,9
259,2,4
259,5,6
259,2,2
259,4,7
259,5,9
259,4,10
259,2,2
259,3,3
259,4,7
260,5,3
260,4,7
260,4,8
260,4,5
260,5,2
260,4,4
260,2,9
260,3,8
260,4,9
260,3,9
260,4,4
260,5,2
260,2,3
260,1,4
260,4,4
260,4,4
260,2,1
260,1,9
260,3,8
260,3,4
260,4,9
260,5,8
260,3,2
260,4,6
260,2,8
260,2,4
260,1,9
260,5,3
260,1,7
260,2,4
260,5,1
260,4,8
260,5,8
260,1,2
260,2,5
260,3,2
260,3,5
261,3,1
261,5,7
261,4,10
261,3,1
261,3,3
261,1,9
261,2,7
261,4,6
261,2,2
261,3,9
261,4,6
261,4,4
261,3,3
261,1,5
261,3,10
261,2,2
261,1,6
261,3,1
261,1,8
261,4,3
261,2,5
261,4,10
261,3,5
261,3,3
261,5,2
261,4,10
261,5,9
261,3,1
261,1,4
261,1,6
261,1,7
261,3,1
261,3,1
261,3,3
261,2,10
261,2,2
261,1,3
262,1,7
262,1,1
262,2,1
262,2,1
262,1,9
262,5,1
262,5,4
262,5,9
262,3,1
262,3,2
262,1,2
262,4,3
262,2,8
262,4,1
262,5,1
262,5,9
262,5,4
262,3,4
262,2,3
262,4,3
262,3,8
262,3,10
262,1,10
262,1,1
262,5,10
262,5,10
262,4,4
262,1,10
262,3,4
262,1,8
262,4,4
262,1,1
262,5,4
262,3,3
262,4,2
262,5,7
262,2,1
263,5,7
263,5,4
263,2,10
263,5,7
263,1,4
263,3,3
263,1,10
263,2,2
263,4,1
263,5,4
263,1,7
263,4,3
263,1,7
263,1,9
263,5,4
263,4,4
263,5,5
263,3,2
263,5,3
263,3,2
263,1,10
263,5,9
263,1,7
263,2,7
263,2,1
263,4,3
263,5,9
263,2,5
263,1,8
263,1,4
263,3,2
263,5,7
263,5,8
263,3,7
263,3,7
263,3,4
263,5,5
264,4,1
264,1,7
264,4,10
264,3,2
264,3,2
264,4,8
264,1,10
264,3,9
264,5,1
264,5,5
264,2,3
264,1,2
264,2,5
264,1,9
264,4,1
264,4,3
264,4,1
264,1,10
264,5,1
264,2,7
264,5,7
264,4,5
264,5,3
264,1,6
264,1,3
264,3,7
264,5,4
264,2,1
264,1,7
264,3,4
264,2,8
264,4,6
264,3,3
265,5,9
265,3,10
265,1,10
265,1,4
265,3,9
265,4,5
265,3,2
265,3,6
265,2,10
265,3,3
265,3,1
265,2,3
265,1,4
265,1,10
265,3,3
265,4,10
265,5,7
265,1,4
265,3,1
265,4,4
265,5,8
265,3,8
265,2,5
265,3,4
265,2,4
265,1,4
265,3,6
265,5,6
265,2,2
265,1,6
265,4,7
265,3,8
265,4,8
265,1,8
266,2,8
266,1,1
266,4,7
266,4,3
266,1,5
266,5,8
266,4,3
266,2,4
266,4,3
266,2,4
266,5,2
266,3,3
266,1,2
266,2,8
266,4,10
266,4,2
266,5,10
266,5,8
266,1,1
266,4,10
266,4,5
266,4,4
266,4,9
266,1,2
266,3,1
266,2,8
266,4,10
266,2,2
267,2,8
267,2,7
267,2,2
267,2,8
267,4,3
267,2,10
267,3,7
267,2,9
267,2,9
267,5,7
267,2,6
267,3,5
267,3,10
267,3,8
267,1,9
267,1,1
267,4,4
267,2,3
267,2,10
267,1,4
267,1,8
267,5,7
267,5,7
267,1,6
267,4,7
267,3,8
267,2,3
267,2,5
267,5,1
267,1,6
267,4,6
267,2,10
267,4,10
267,1,4
267,3,10
267,1,5
267,5,9
267,5,3
267,4,4
267,5,9
267,4,2
267,4,2
267,5,9
267,4,9
267,5,10
267,2,1
267,4,3
267,1,9
267,5,8
267,1,7
267,1,1
267,3,8
267,5,5
268,4,6
268,3,6
268,4,6
268,5,5
268,2,3
268,5,9
268,1,5
268,2,6
268,4,8
268,2,1
268,4,5
268,1,6
268,2,8
268,5,3
268,2,7
268,1,7
268,2,10
268,4,9
268,4,1
268,2,1
268,4,6
268,2,10
268,4,6
268,1,5
268,3,7
268,2,9
268,5,2
268,3,9
268,5,7
268,2,8
268,4,10
268,5,7
269,2,2
269,1,2
269,1,6
269,4,3
269,5,10
269,5,2
269,3,6
269,4,6
269,1,8
269,3,4
269,1,8
269,3,7
269,1,9
269,3,7
269,1,1
269,2,4
269,5,10
269,2,3
269,1,4
269,2,10
269,3,8
269,1,8
269,1,2
269,5,10
269,1,7
269,4,3
269,4,4
269,3,8
269,5,5
269,1,4
270,3,4
270,1,5
270,4,6
270,5,3
270,5,9
270,5,6
270,2,2
270,4,5
270,4,9
270,3,4
270,1,6
270,4,10
270,1,3
270,5,1
270,4,3
270,1,9
270,5,5
270,1,3
270,3,6
270,4,7
270,1,6
270,1,2
270,3,1
270,1,9
270,3,4
270,2,9
270,3,4
270,1,8
271,2,10
271,4,8
271,2,3
271,4,6
271,2,9
271,5,9
271,4,2
271,3,3
271,5,2
271,3,7
271,4,1
271,1,9
271,5,9
271,3,5
271,1,7
271,4,1
271,1,5
271,5,2
271,1,4
271,4,2
271,2,6
271,4,4
271,5,9
271,1,4
271,2,6
271,5,5
271,3,6
272,1,8
272,2,4
272,2,2
272,1,7
272,5,3
272,3,8
272,3,3
272,1,10
272,1,1
272,4,1
272,4,4
272,3,1
272,4,9
272,3,10
272,5,3
272,4,5
272,2,4
272,5,10
272,2,2
272,4,5
272,1,4
272,2,3
272,2,2
272,4,5
272,5,3
272,4,3
272,5,7
272,3,8
272,1,2
272,5,9
272,3,9
272,5,5
272,3,3
272,3,2
273,5,6
273,2,10
273,5,2
273,4,8
273,4,6
273,4,6
273,5,4
273,3,2
273,2,8
273,4,1
273,1,2
273,3,3
273,4,7
273,5,5
273,2,6
273,3,2
273,5,9
273,2,8
273,4,4
273,4,7
273,3,1
273,5,3
273,4,8
273,2,5
273,1,6
273,4,7
273,2,5
273,4,9
273,2,3
273,3,7
273,2,2
273,2,7
273,3,2
273,1,5
273,1,4
274,3,1
274,5,10
274,4,6
274,2,2
274,2,1
274,3,2
274,4,3
274,4,7
274,5,2
274,4,7
274,3,9
274,5,1
274,2,5
274,4,3
274,3,10
274,3,9
274,3,5
274,1,7
274,1,2
274,3,1
274,5,2
274,4,3
274,3,9
274,1,8
274,3,9
274,1,5
274,4,1
274,5,6
274,4,6
274,5,7
274,3,8
274,3,4
274,4,5
274,5,6
274,4,9
274,2,4
274,3,10
274,4,5
274,4,9
274,2,2
275,3,8
275,2,2
275,2,6
275,1,3
275,2,1
275,3,5
275,2,2
275,4,9
275,3,5
275,1,10
275,1,10
275,1,5
275,1,4
275,1,6
275,1,2
275,4,1
275,5,9
275,2,1
275,5,6
275,1,10
275,1,9
275,3,9
275,1,7
276,2,5
276,1,5
276,2,5
276,1,3
276,5,1
276,1,5
276,5,1
276,1,1
276,3,4
276,2,6
276,4,1
276,5,3
276,5,2
276,1,8
276,4,9
276,4,9
276,2,10
276,4,2
276,4,5
276,2,5
276,1,5
276,2,2
276,2,10
276,5,2
276,1,3
276,1,9
276,2,9
276,3,4
276,2,5
276,3,9
276,1,4
276,5,1
276,3,8
276,1,1
276,2,5
276,2,4
276,4,2
276,2,6
276,1,9
276,4,7
276,1,1
276,4,5
276,2,7
276,3,4
276,1,3
276,2,2
276,5,8
276,1,1
276,1,8
276,3,4
277,4,8
277,4,4
277,2,7
277,5,4
277,2,7
277,2,3
277,4,3
277,4,7
277,3,8
277,5,2
277,1,7
277,4,1
277,1,2
277,2,6
277,2,6
277,4,4
277,3,3
277,5,9
277,3,10
277,1,6
277,3,4
277,4,5
277,2,1
277,1,9
277,5,6
277,3,2
277,4,2
277,2,10
277,5,7
277,5,10
277,1,1
277,5,9
277,1,3
277,2,7
277,1,2
277,4,3
278,2,1
278,1,2
278,1,8
278,1,3
278,2,1
278,3,2
278,1,1
278,5,1
278,3,1
278,1,6
278,5,8
278,4,5
278,5,2
278,2,1
278,1,5
278,1,3
278,2,5
278,4,10
278,2,3
278,4,2
278,1,5
278,2,1
278,4,3
278,3,10
278,3,1
278,1,7
278,2,3
278,2,9
278,5,2
278,2,5
279,1,5
279,3,8
279,1,4
279,4,3
279,1,5
279,2,5
279,2,6
279,3,10
279,5,3
279,4,6
279,5,9
279,1,10
279,3,1
279,2,6
279,3,1
279,4,10
279,2,3
279,3,6
279,5,5
279,2,1
279,1,6
279,3,5
279,5,7
279,4,9
279,5,3
279,2,3
280,3,3
280,4,10
280,4,4
280,4,2
280,2,5
280,1,2
280,1,2
280,1,8
280,4,7
280,2,9
280,4,8
280,2,8
280,2,3
280,5,4
280,2,9
280,5,5
280,5,1
280,3,3
280,1,3
280,2,10
280,1,6
280,5,6
280,3,5
280,1,9
280,5,1
280,4,5
280,4,8
280,4,10
280,1,4
280,3,6
280,3,2
281,2,2
281,1,5
281,2,9
281,4,3
281,4,1
281,1,5
281,5,2
281,3,8
281,1,9
281,2,7
281,5,8
281,1,1
281,2,9
281,3,7
281,2,10
281,1,7
281,4,1
281,5,5
281,5,3
281,3,1
281,4,9
281,5,4
281,1,3
281,4,4
281,4,10
281,3,10
281,2,8
281,2,8
281,2,10
281,1,9
281,5,6
281,2,4
281,3,3
282,4,10
282,1,7
282,2,4
282,4,9
282,3,8
282,4,10
282,5,2
282,3,1
282,5,4
282,3,10
282,1,6
282,3,6
282,3,1
282,1,2
282,2,6
282,4,3
282,4,6
282,2,8
282,3,8
282,4,7
282,4,9
282,2,5
282,2,7
282,3,9
282,1,3
282,2,10
282,1,5
282,5,5
282,2,2
282,2,9
282,5,3
282,2,6
282,5,3
282,5,2
282,3,10
282,2,8
283,1,1
283,1,9
283,2,6
283,2,8
283,1,7
283,2,2
283,3,3
283,4,2
283,4,7
283,4,9
283,3,3
283,5,1
283,5,3
283,1,5
283,3,5
283,5,8
283,4,7
283,2,5
283,3,3
283,1,8
283,5,3
283,5,10
283,2,7
283,1,7
283,2,2
283,1,1
283,5,10
283,2,4
283,1,6
283,1,2
283,5,1
283,2,5
283,5,3
283,3,1
283,5,9
283,3,10
283,1,2
283,5,2
283,3,10
283,4,1
284,1,4
284,2,2
284,1,9
284,1,4
284,4,9
284,3,6
284,2,1
284,2,1
284,4,1
284,3,1
284,5,10
284,5,6
284,1,10
284,2,3
284,4,10
284,5,6
284,2,1
284,1,9
284,5,5
284,2,8
284,3,10
284,2,2
284,3,10
284,5,6
284,2,7
284,1,6
284,5,7
285,1,9
285,2,3
285,2,5
285,5,8
285,4,10
285,4,2
285,2,10
285,3,4
285,5,10
285,5,1
285,4,2
285,5,4
285,4,1
285,4,6
285,4,2
285,5,1
285,4,10
285,4,1
285,3,5
285,5,10
285,3,7
285,1,9
285,2,3
285,1,5
285,5,5
285,1,10
285,2,3
285,1,2
285,4,3
285,3,9
285,3,7
285,1,3
285,4,7
285,5,3
286,1,6
286,3,6
286,3,4
286,3,2
286,1,8
286,2,1
286,5,10
286,2,1
286,5,9
286,4,4
286,3,4
286,5,8
286,1,3
286,1,7
286,4,4
286,4,6
286,5,9
286,4,10
286,5,8
286,4,2
286,4,5
286,1,8
286,4,6
286,2,6
286,5,5
286,1,9
286,2,6
286,2,1
286,5,9
286,1,9
286,1,5
286,1,4
286,5,2
286,3,4
286,2,7
286,4,10
287,5,7
287,5,6
287,1,8
287,2,6
287,3,3
287,2,9
287,4,3
287,5,4
287,1,7
287,1,2
287,1,2
287,3,7
287,5,3
287,4,8
287,3,8
287,2,4
287,5,8
287,3,1
287,4,4
287,2,6
287,3,3
287,2,10
287,5,10
287,5,9
287,3,8
287,3,9
287,1,1
287,1,7
287,4,10
287,1,10
287,5,7
287,5,5
287,2,1
287,1,10
287,3,6
287,1,2
287,4,6
288,4,1
288,1,2
288,5,9
288,3,6
288,3,6
288,3,6
288,1,9
288,1,6
288,1,1
288,4,1
288,1,3
288,1,1
288,3,7
288,2,4
288,5,7
288,4,1
288,4,4
288,5,6
288,4,5
288,3,5
288,1,3
288,5,8
288,3,6
288,3,7
288,5,10
288,5,6
288,3,4
288,5,3
288,1,5
288,2,5
288,2,8
288,5,9
288,2,9
288,4,10
288,5,7
288,4,3
288,1,2
288,1,2
289,2,1
289,5,7
289,3,6
289,3,4
289,5,2
289,3,5
289,2,6
289,5,1
289,1,7
289,1,4
289,2,8
289,4,7
289,2,6
289,3,3
289,4,5
289,3,4
289,4,1
289,3,4
289,2,8
289,2,6
289,5,3
289,2,6
289,4,5
289,5,7
289,1,9
289,4,8
289,4,8
289,3,10
289,1,8
289,2,6
289,2,8
289,1,10
289,4,6
289,2,1
289,4,7
289,2,10
289,1,4
289,5,1
289,1,3
289,2,5
289,1,4
289,5,1
289,5,7
290,3,3
290,3,4
290,2,1
290,3,5
290,4,7
290,5,6
290,2,2
290,4,10
290,3,4
290,2,9
290,1,10
290,1,1
290,4,9
290,2,7
290,2,2
290,4,1
290,3,10
290,2,8
290,4,9
290,1,5
290,4,6
290,4,8
290,3,2
290,4,7
290,1,6
290,5,6
290,5,3
290,3,9
290,1,1
290,5,9
290,2,10
291,5,4
291,4,8
291,2,5
291,1,6
291,2,1
291,5,2
291,3,8
291,3,8
291,2,4
291,1,3
291,3,7
291,4,2
291,1,3
291,1,3
291,3,9
291,4,4
291,4,3
291,3,4
291,4,4
291,3,3
291,3,3
291,1,1
291,2,4
291,4,1
291,3,10
291,4,5
291,4,4
291,4,5
292,5,1
292,5,1
292,2,4
292,5,10
292,1,7
292,4,2
292,4,6
292,2,8
292,3,8
292,1,9
292,3,9
292,2,1
292,4,4
292,1,6
292,5,10
292,4,8
292,1,1
292,5,4
292,2,6
292,1,3
292,4,4
292,2,8
292,2,5
292,1,3
292,5,5
292,3,8
292,2,6
292,4,1
292,5,6
292,2,2
292,5,7
292,1,3
292,5,5
292,1,1
293,1,3
293,2,3
293,2,3
293,1,4
293,4,9
293,4,3
293,4,8
293,5,10
293,4,1
293,2,2
293,3,5
293,5,5
293,4,7
293,2,8
293,4,9
293,2,10
293,4,8
293,4,8
293,5,3
293,1,1
293,2,6
293,2,2
293,2,9
293,4,9
293,3,5
294,1,6
294,4,1
294,4,4
294,5,1
294,4,1
294,4,8
294,4,6
294,3,9
294,2,1
294,4,3
294,1,8
294,3,5
294,4,10
294,1,5
294,1,9
294,4,3
294,1,4
294,4,9
294,2,6
294,1,7
294,2,1
294,5,1
294,5,2
294,4,6
294,5,4
294,2,4
294,5,8
294,1,5
294,3,9
294,4,10
294,4,6
294,4,7
294,4,9
294,2,5
294,1,7
294,3,6
294,4,10
294,3,5
294,2,1
294,3,9
294,4,4
294,2,7
295,3,4
295,1,8
295,2,5
295,2,5
295,5,3
295,4,10
295,1,5
295,1,5
295,2,5
295,2,7
295,1,7
295,4,5
295,5,7
295,1,9
295,3,1
295,3,9
295,5,2
295,2,9
295,3,5
295,1,2
295,4,9
295,1,3
295,2,9
295,5,4
295,3,6
295,5,9
295,1,2
295,1,4
295,1,1
295,5,6
295,3,2
295,5,6
296,4,3
296,1,3
296,3,8
296,2,7
296,5,9
296,4,9
296,4,9
296,3,4
296,2,8
296,2,3
296,2,7
296,4,2
296,4,7
296,2,10
296,1,9
296,2,9
296,2,1
296,2,7
296,4,9
296,2,8
296,2,2
296,2,3
296,4,1
296,2,2
296,2,3
296,3,6
296,4,3
296,4,5
296,4,4
296,2,2
296,3,4
296,3,2
296,5,6
296,5,5
296,3,5
296,2,7
297,2,1
297,4,5
297,4,10
297,4,7
297,5,5
297,1,6
297,2,6
297,5,4
297,4,4
297,4,2
297,3,4
297,3,8
297,1,8
297,4,1
297,5,9
297,2,9
297,3,7
297,3,2
297,4,1
297,4,9
297,3,9
297,4,7
297,5,5
297,4,6
297,3,3
297,5,5
297,1,1
297,2,2
297,1,8
297,2,7
297,4,9
297,1,10
297,5,10
297,1,8
297,5,4
297,2,4
298,4,9
298,5,5
298,3,9
298,5,2
298,4,3
298,1,9
298,5,9
298,5,2
298,1,8
298,5,6
298,3,1
298,4,7
298,4,4
298,2,7
298,4,10
298,3,7
298,5,9
298,5,8
298,1,8
298,5,2
298,4,2
298,4,9
298,4,4
298,1,2
298,5,4
298,2,9
298,2,10
298,4,4
298,5,4
298,4,6
299,2,5
299,5,5
299,4,8
299,2,10
299,2,10
299,3,7
299,1,4
299,5,10
299,3,4
299,3,7
299,3,6
299,3,4
299,1,2
299,2,10
299,3,8
299,4,2
299,1,8
299,5,10
299,1,8
299,5,7
299,2,10
299,4,4
299,1,5
299,4,1
299,5,1
299,1,4
299,4,1
299,3,2
299,2,1
299,1,8
299,2,7
299,3,5
299,1,2
299,1,2
299,2,8
299,3,3
299,2,8
299,5,7
299,3,10
300,2,1
300,3,2
300,4,8
300,4,5
300,3,6
300,5,8
300,4,7
300,5,7
300,2,8
300,1,3
300,3,1
300,1,4
300,1,10
300,5,3
300,4,10
300,4,8
300,4,2
300,1,9
300,4,2
300,5,9
300,5,1
300,2,7
300,4,6
300,3,8
300,4,10
300,2,2
